engine_size,horsepower,weight,fuel_consumption,age,doors,brand,fuel_type,country,dealer_id,price
2.100000000000001,141.0,1002,8.6,8,3,Hyundai,hybrid,Spain,101.0,12225
2.300000000000001,171.0,1166,8.9,3,5,Seat,hybrid,Czech Republic,101.0,16384
2.000000000000001,137.0,1020,8.4,5,5,Renault,hybrid,Spain,101.0,12927
1.6000000000000005,116.0,814,7.6,3,3,Opel,diesel,Germany,101.0,11433
2.9000000000000017,196.0,1417,10.2,12,5,Seat,gasoline,Sweden,101.0,15268
2.100000000000001,139.0,1084,8.4,2,5,Audi,gasoline,Italy,101.0,14993
1.4000000000000004,100.0,654,7.0,7,5,Volvo,diesel,Italy,101.0,7357
2.5000000000000013,179.0,1274,9.4,11,5,Ford,gasoline,Germany,101.0,13895
1.3000000000000003,99.0,648,6.7,11,5,Seat,diesel,Sweden,101.0,6475
1.4000000000000004,87.0,686,,12,3,Opel,diesel,Germany,101.0,4439
2.000000000000001,151.0,1039,8.3,3,5,Hyundai,gasoline,France,101.0,13740
1.5000000000000004,109.0,791,7.3,11,3,Kia,diesel,Spain,101.0,5852
3.0000000000000018,198.0,1483,10.4,14,5,Renault,diesel,South Korea,101.0,13819
2.5000000000000013,,1273,9.4,4,3,Skoda,gasoline,Spain,101.0,16324
2.6000000000000014,190.0,1276,9.3,15,3,Peugeot,gasoline,Germany,101.0,11829
2.8000000000000016,206.0,1422,10.0,11,5,Opel,hybrid,France,101.0,16776
2.9000000000000017,191.0,1484,10.2,11,5,Opel,gasoline,France,101.0,15093
1.3000000000000003,103.0,691,7.1,1,5,Mercedes,gasoline,Italy,101.0,11209
2.100000000000001,158.0,1019,8.5,2,5,BMW,diesel,Japan,101.0,14906
1.9000000000000008,134.0,964,7.9,11,5,Volkswagen,gasoline,Japan,101.0,8236
1.5000000000000004,117.0,702,7.1,11,5,Fiat,hybrid,Germany,101.0,6525
1.0,74.0,519,6.2,12,3,BMW,gasoline,Germany,101.0,3033
2.200000000000001,167.0,1129,8.8,0,3,Volkswagen,diesel,Spain,101.0,16716
1.2000000000000002,80.0,621,6.9,0,5,Volkswagen,gasoline,Sweden,101.0,9749
3.300000000000002,236.0,1627,10.7,1,3,Ford,gasoline,France,101.0,24422
3.400000000000002,235.0,1724,10.9,10,3,Hyundai,hybrid,South Korea,101.0,19865
1.7000000000000006,115.0,869,7.5,15,3,Hyundai,hybrid,Italy,101.0,5169
3.0000000000000018,200.0,1475,10.2,14,3,Skoda,hybrid,Germany,101.0,14032
2.300000000000001,164.0,1181,9.0,14,5,Renault,hybrid,South Korea,101.0,11240
2.5000000000000013,162.0,1220,9.2,15,5,Toyota,hybrid,Czech Republic,101.0,9588
2.300000000000001,157.0,1110,9.0,1,3,Fiat,diesel,Italy,101.0,16720
1.5000000000000004,104.0,700,7.5,1,5,BMW,hybrid,France,101.0,10420
2.6000000000000014,194.0,1263,9.7,13,3,Volvo,gasoline,Czech Republic,101.0,13717
2.6000000000000014,191.0,1280,9.7,11,5,Toyota,hybrid,Czech Republic,101.0,13627
1.5000000000000004,117.0,738,7.5,12,3,Volvo,hybrid,Sweden,101.0,7821
2.4000000000000012,174.0,1235,9.2,2,5,Ford,hybrid,Czech Republic,101.0,17683
2.300000000000001,166.0,1123,,3,3,Mercedes,gasoline,Spain,101.0,15760
3.0000000000000018,211.0,1503,10.1,8,3,Kia,gasoline,Czech Republic,101.0,17328
1.5000000000000004,116.0,766,7.2,7,5,Renault,gasoline,South Korea,101.0,9889
1.4000000000000004,97.0,660,7.2,7,3,Mercedes,hybrid,Germany,101.0,7595
1.3000000000000003,88.0,650,6.9,2,3,Volvo,hybrid,Italy,101.0,9988
1.0,71.0,463,6.1,4,5,Ford,hybrid,France,101.0,6515
3.200000000000002,223.0,1623,,10,5,BMW,diesel,South Korea,101.0,17912
1.0,58.0,471,6.1,2,3,Ford,hybrid,Spain,101.0,5922
1.6000000000000005,110.0,848,7.2,13,5,Peugeot,hybrid,Czech Republic,101.0,4977
2.4000000000000012,176.0,1184,,2,5,Renault,gasoline,South Korea,101.0,18412
3.200000000000002,,1611,10.6,3,5,BMW,gasoline,Sweden,101.0,20760
3.400000000000002,,1665,,4,5,Volvo,gasoline,Germany,101.0,22277
1.5000000000000004,90.0,791,7.1,2,3,Kia,hybrid,Spain,101.0,10605
1.1,65.0,550,6.5,15,3,Skoda,hybrid,Sweden,101.0,174
1.9000000000000008,132.0,983,8.2,8,3,Volvo,diesel,Japan,101.0,11320
2.4000000000000012,173.0,1172,9.2,6,5,Volvo,diesel,France,101.0,15811
1.8000000000000007,129.0,861,7.7,14,5,Volkswagen,gasoline,Germany,101.0,7794
1.3000000000000003,82.0,679,6.9,4,5,Skoda,hybrid,Sweden,101.0,8766
1.2000000000000002,87.0,573,6.6,10,5,Audi,gasoline,Germany,101.0,5257
2.8000000000000016,182.0,1398,10.0,15,3,Audi,diesel,Italy,101.0,12651
2.4000000000000012,162.0,1153,9.1,8,3,BMW,gasoline,Japan,101.0,12927
1.9000000000000008,126.0,970,8.0,11,3,Peugeot,hybrid,Japan,101.0,8940
2.9000000000000017,202.0,1489,9.9,2,3,Opel,hybrid,Japan,101.0,20518
1.2000000000000002,84.0,642,6.5,4,5,Volkswagen,diesel,South Korea,101.0,8166
3.500000000000002,251.0,1776,11.2,11,5,Skoda,hybrid,France,101.0,20226
1.6000000000000005,120.0,778,7.4,13,3,Renault,gasoline,Germany,101.0,6336
1.1,75.0,545,6.5,0,3,Seat,gasoline,Czech Republic,101.0,8227
3.200000000000002,218.0,1573,10.7,5,3,Opel,gasoline,France,101.0,19281
1.6000000000000005,103.0,842,7.3,6,3,Skoda,hybrid,Sweden,101.0,8895
1.3000000000000003,95.0,680,6.8,0,3,Volkswagen,diesel,South Korea,101.0,11516
2.9000000000000017,196.0,1431,10.0,9,5,Peugeot,diesel,Japan,101.0,15220
2.4000000000000012,158.0,1219,9.1,11,5,Skoda,hybrid,Czech Republic,101.0,12126
1.3000000000000003,81.0,660,6.9,8,5,Ford,gasoline,Italy,101.0,6121
1.5000000000000004,116.0,786,7.2,9,5,Peugeot,diesel,Czech Republic,101.0,9234
2.100000000000001,137.0,1044,8.5,3,3,Volvo,hybrid,Germany,101.0,12614
2.100000000000001,133.0,1081,8.4,10,5,Mercedes,diesel,Italy,101.0,10518
1.0,69.0,528,6.4,8,3,Mercedes,diesel,South Korea,101.0,5372
1.6000000000000005,100.0,845,7.6,3,5,Audi,diesel,Spain,101.0,9748
2.100000000000001,136.0,1053,8.5,9,5,Peugeot,diesel,South Korea,101.0,11140
2.4000000000000012,156.0,1199,,12,3,Renault,diesel,Czech Republic,101.0,11274
2.4000000000000012,169.0,1226,9.0,15,5,Opel,diesel,Sweden,101.0,9521
2.9000000000000017,196.0,1454,10.2,5,5,Fiat,hybrid,Czech Republic,101.0,19006
1.4000000000000004,104.0,709,6.9,15,5,Fiat,gasoline,Spain,101.0,4324
2.300000000000001,169.0,1100,9.0,14,5,BMW,hybrid,France,101.0,10651
2.300000000000001,155.0,1131,8.7,3,5,Kia,gasoline,Spain,101.0,14267
2.300000000000001,148.0,1137,8.8,15,3,Fiat,gasoline,South Korea,101.0,8040
2.000000000000001,125.0,989,8.1,8,5,BMW,gasoline,Japan,101.0,9463
2.4000000000000012,164.0,1179,9.2,11,3,Toyota,hybrid,Italy,101.0,11644
1.4000000000000004,87.0,655,7.0,5,3,Renault,diesel,Japan,101.0,8438
3.200000000000002,238.0,1554,10.8,14,3,Peugeot,diesel,France,101.0,18136
2.000000000000001,134.0,998,8.4,7,5,Hyundai,gasoline,Spain,101.0,12000
2.8000000000000016,209.0,1350,10.0,3,3,Volkswagen,hybrid,Czech Republic,101.0,20024
2.9000000000000017,213.0,1498,9.9,5,5,Seat,hybrid,Italy,101.0,20324
2.000000000000001,130.0,977,8.3,11,5,Ford,diesel,Sweden,101.0,9341
2.5000000000000013,187.0,1294,9.0,2,5,Audi,diesel,Sweden,101.0,18364
2.100000000000001,133.0,1064,8.6,6,3,Skoda,diesel,Sweden,101.0,10859
2.200000000000001,168.0,1148,8.7,5,5,Renault,gasoline,South Korea,101.0,15509
2.7000000000000015,175.0,1340,9.5,14,3,Audi,hybrid,Czech Republic,101.0,12297
2.8000000000000016,205.0,1438,9.8,3,3,Fiat,diesel,Czech Republic,101.0,19081
1.7000000000000006,104.0,875,7.8,0,5,Ford,gasoline,France,101.0,12425
1.0,76.0,459,6.3,2,5,Mercedes,gasoline,Sweden,101.0,7403
2.000000000000001,130.0,1029,8.3,4,3,Volkswagen,hybrid,South Korea,101.0,11860
2.200000000000001,143.0,1083,8.7,12,5,Toyota,gasoline,South Korea,101.0,9512
2.7000000000000015,182.0,1355,9.6,7,5,Peugeot,hybrid,Japan,101.0,14975
2.5000000000000013,186.0,1281,9.1,15,5,Peugeot,diesel,France,101.0,12845
2.000000000000001,139.0,984,8.4,5,3,Kia,gasoline,Japan,101.0,13251
3.300000000000002,242.0,1673,10.7,11,5,Peugeot,diesel,France,101.0,19205
3.0000000000000018,198.0,1515,10.4,7,3,Renault,hybrid,Italy,101.0,17818
2.5000000000000013,177.0,1269,9.1,5,3,Volkswagen,diesel,France,101.0,15445
1.8000000000000007,125.0,943,7.9,9,5,Peugeot,gasoline,Japan,101.0,10290
1.8000000000000007,120.0,932,7.8,7,5,Skoda,gasoline,South Korea,101.0,10838
2.9000000000000017,204.0,1404,10.1,3,3,Renault,diesel,France,101.0,19722
1.4000000000000004,91.0,670,7.0,3,3,Toyota,hybrid,Sweden,101.0,8520
3.300000000000002,223.0,1698,10.8,15,5,Opel,hybrid,France,101.0,16357
1.3000000000000003,84.0,656,6.7,7,5,Ford,gasoline,Czech Republic,101.0,7454
1.2000000000000002,91.0,608,6.8,7,3,BMW,gasoline,Japan,101.0,6263
3.400000000000002,225.0,1748,11.0,15,5,BMW,gasoline,France,101.0,16360
1.9000000000000008,,984,7.9,6,5,Fiat,hybrid,Czech Republic,101.0,10915
2.000000000000001,127.0,1027,8.3,9,3,Renault,hybrid,Czech Republic,101.0,9070
2.000000000000001,,987,8.2,13,3,Audi,diesel,Italy,101.0,8254
2.000000000000001,142.0,1040,8.2,5,5,Renault,gasoline,Italy,101.0,12040
3.400000000000002,236.0,1680,10.9,12,3,Volkswagen,gasoline,France,101.0,18731
2.8000000000000016,185.0,1353,10.1,10,5,Hyundai,gasoline,Germany,101.0,14123
1.0,59.0,498,6.2,5,3,Mercedes,hybrid,Japan,101.0,5325
1.4000000000000004,97.0,660,,6,5,Skoda,diesel,Germany,101.0,8427
3.500000000000002,233.0,1773,11.4,1,3,Seat,gasoline,Germany,101.0,24512
2.7000000000000015,180.0,1383,9.8,15,5,Audi,gasoline,South Korea,101.0,12024
3.400000000000002,223.0,1718,,13,3,Volkswagen,diesel,Czech Republic,101.0,17115
3.400000000000002,225.0,1663,11.1,3,5,Kia,gasoline,Italy,101.0,22743
2.000000000000001,144.0,1027,8.4,4,5,Mercedes,gasoline,Italy,101.0,14154
1.5000000000000004,96.0,739,7.3,12,3,Volkswagen,diesel,Spain,101.0,4999
1.4000000000000004,85.0,651,,3,5,Fiat,gasoline,Sweden,101.0,9170
2.5000000000000013,179.0,1263,9.0,4,3,Peugeot,diesel,Italy,101.0,16506
2.100000000000001,161.0,1068,8.6,12,3,Hyundai,diesel,Italy,101.0,10875
3.500000000000002,244.0,1733,11.1,2,3,Hyundai,hybrid,Germany,101.0,23360
1.2000000000000002,96.0,621,6.7,8,5,Seat,hybrid,Germany,101.0,7092
2.8000000000000016,184.0,1354,9.9,5,5,Skoda,hybrid,South Korea,101.0,16842
1.1,82.0,593,6.4,10,3,Hyundai,diesel,Czech Republic,101.0,3737
2.5000000000000013,177.0,1256,9.3,12,3,Toyota,gasoline,France,101.0,12198
2.7000000000000015,174.0,1327,9.9,10,5,Volvo,gasoline,Germany,101.0,13586
2.4000000000000012,170.0,1200,8.9,13,3,Seat,gasoline,Italy,101.0,12215
3.0000000000000018,203.0,1462,10.3,9,3,Hyundai,hybrid,Sweden,101.0,16292
2.5000000000000013,177.0,1201,9.3,5,3,Hyundai,diesel,South Korea,101.0,15749
1.6000000000000005,107.0,841,7.5,10,3,Opel,diesel,Sweden,101.0,7031
2.4000000000000012,157.0,1197,9.2,10,5,Seat,gasoline,South Korea,101.0,11135
2.300000000000001,150.0,1183,8.8,11,3,Kia,diesel,France,101.0,10311
1.2000000000000002,93.0,621,6.8,11,5,Renault,diesel,France,101.0,4346
1.1,69.0,518,6.4,8,5,Opel,gasoline,South Korea,101.0,3915
2.4000000000000012,178.0,1238,8.9,9,3,BMW,gasoline,South Korea,101.0,13873
1.7000000000000006,113.0,859,7.8,1,3,Volvo,diesel,Italy,101.0,13142
1.2000000000000002,87.0,572,6.7,2,5,Toyota,hybrid,Sweden,101.0,9024
1.3000000000000003,,677,6.8,6,5,Mercedes,hybrid,Italy,101.0,8074
1.5000000000000004,90.0,709,7.1,3,3,Volvo,hybrid,Japan,101.0,8824
3.500000000000002,251.0,1780,11.2,2,3,Kia,gasoline,South Korea,101.0,24334
1.3000000000000003,104.0,608,7.0,0,5,Kia,hybrid,South Korea,101.0,12422
3.400000000000002,225.0,1669,11.1,3,5,Toyota,hybrid,Italy,101.0,21287
2.7000000000000015,181.0,1355,9.7,4,3,Volvo,hybrid,Japan,101.0,17063
2.6000000000000014,196.0,1263,9.2,0,5,Skoda,diesel,South Korea,101.0,19385
2.000000000000001,133.0,951,8.3,3,3,BMW,gasoline,South Korea,101.0,12846
1.1,81.0,581,6.3,10,5,Renault,diesel,Japan,101.0,5198
2.9000000000000017,196.0,1492,10.2,5,3,Opel,diesel,Japan,101.0,18126
2.7000000000000015,192.0,1346,9.8,4,3,Ford,gasoline,South Korea,101.0,18166
1.0,77.0,456,6.1,8,5,Audi,gasoline,Germany,101.0,5374
1.1,78.0,548,6.5,2,5,Opel,gasoline,Sweden,101.0,7671
1.4000000000000004,84.0,685,7.3,7,5,Seat,gasoline,Japan,101.0,5954
2.9000000000000017,211.0,1456,10.2,4,3,Opel,hybrid,Germany,101.0,20325
1.0,72.0,524,6.5,15,5,Opel,hybrid,Sweden,101.0,1411
2.6000000000000014,192.0,1256,9.6,9,5,Volvo,hybrid,Germany,101.0,14807
1.4000000000000004,89.0,661,7.2,14,5,Mercedes,hybrid,France,101.0,2774
2.7000000000000015,180.0,1387,9.4,11,3,Skoda,gasoline,Sweden,101.0,13898
2.300000000000001,172.0,1156,8.9,2,5,Ford,diesel,Spain,101.0,17148
1.9000000000000008,124.0,969,8.1,3,5,Fiat,diesel,Czech Republic,101.0,12094
2.100000000000001,149.0,1096,8.2,11,5,Renault,hybrid,Czech Republic,101.0,10520
2.9000000000000017,190.0,1404,9.8,3,5,Hyundai,diesel,France,101.0,19146
1.4000000000000004,94.0,680,7.1,3,3,Audi,gasoline,Germany,101.0,9630
3.100000000000002,227.0,1594,10.3,5,5,Ford,gasoline,Germany,101.0,21743
1.9000000000000008,120.0,903,8.3,9,3,Toyota,hybrid,Czech Republic,101.0,9169
3.400000000000002,239.0,1710,10.9,6,3,Renault,gasoline,Japan,101.0,21340
1.6000000000000005,105.0,774,7.7,13,3,Skoda,diesel,Sweden,101.0,4574
1.1,77.0,560,6.2,14,5,Volvo,diesel,Czech Republic,101.0,2067
2.300000000000001,,1181,8.7,1,5,Fiat,hybrid,France,101.0,16677
1.7000000000000006,108.0,871,7.4,4,3,Peugeot,hybrid,Spain,101.0,9752
3.400000000000002,243.0,1714,11.1,6,5,Toyota,hybrid,Czech Republic,101.0,21035
2.100000000000001,142.0,1055,8.5,14,3,Hyundai,hybrid,Germany,101.0,9446
2.8000000000000016,204.0,1386,9.7,14,3,Seat,diesel,Spain,101.0,13486
3.500000000000002,239.0,1739,11.2,14,5,Opel,gasoline,France,101.0,16842
1.3000000000000003,81.0,606,6.7,6,5,Opel,diesel,Sweden,101.0,6487
1.4000000000000004,94.0,686,6.9,4,3,Opel,diesel,Japan,101.0,8308
2.100000000000001,138.0,1064,8.3,4,3,Toyota,gasoline,Spain,101.0,13748
3.500000000000002,248.0,1704,11.4,5,3,Fiat,hybrid,Japan,101.0,23428
3.200000000000002,210.0,1620,10.8,14,5,Volvo,gasoline,Sweden,101.0,14551
2.000000000000001,153.0,980,8.4,15,5,Peugeot,diesel,Spain,101.0,8898
1.6000000000000005,113.0,841,7.2,9,5,Ford,gasoline,Sweden,101.0,8994
1.1,77.0,557,6.5,9,3,Volkswagen,diesel,France,101.0,4367
3.500000000000002,255.0,1758,11.3,8,3,Fiat,gasoline,Spain,101.0,21885
2.4000000000000012,178.0,1170,8.8,14,3,Kia,hybrid,South Korea,101.0,12367
3.0000000000000018,213.0,1531,10.1,8,3,Volvo,hybrid,Italy,101.0,17798
2.7000000000000015,174.0,1397,9.5,7,3,BMW,diesel,France,101.0,14704
2.8000000000000016,194.0,1397,9.6,7,3,Opel,hybrid,Germany,101.0,17040
2.300000000000001,153.0,1193,8.8,1,3,Volkswagen,gasoline,Italy,101.0,16732
2.8000000000000016,193.0,1433,,5,5,Peugeot,gasoline,Germany,101.0,18345
1.4000000000000004,102.0,673,7.2,3,3,Volkswagen,diesel,Spain,101.0,9157
2.100000000000001,161.0,1045,8.4,4,5,Skoda,hybrid,Spain,101.0,15428
1.2000000000000002,93.0,638,6.8,5,3,Seat,hybrid,Spain,101.0,8309
3.400000000000002,248.0,1691,11.0,1,3,Renault,hybrid,Czech Republic,101.0,25002
3.400000000000002,243.0,1675,,0,3,BMW,gasoline,Czech Republic,101.0,24239
3.0000000000000018,213.0,1503,10.3,0,5,Mercedes,gasoline,Spain,101.0,21833
1.1,64.0,513,6.5,4,3,Toyota,gasoline,France,101.0,5257
1.8000000000000007,119.0,917,7.9,10,5,Seat,gasoline,Czech Republic,101.0,8179
2.9000000000000017,211.0,1402,10.1,3,5,Kia,gasoline,Sweden,101.0,19783
1.6000000000000005,119.0,781,7.4,10,3,Hyundai,diesel,Italy,101.0,7970
3.300000000000002,245.0,1653,10.9,5,3,Skoda,gasoline,South Korea,101.0,23227
2.100000000000001,133.0,1064,8.3,13,5,Ford,gasoline,Sweden,101.0,8745
1.2000000000000002,69.0,556,6.4,3,3,Volvo,hybrid,Germany,101.0,7142
1.2000000000000002,84.0,627,6.6,4,3,Volkswagen,gasoline,Japan,101.0,7615
1.5000000000000004,90.0,716,,6,5,Mercedes,hybrid,Germany,101.0,7752
1.2000000000000002,75.0,642,6.9,7,5,Volkswagen,hybrid,France,101.0,6172
1.2000000000000002,98.0,636,6.9,9,5,BMW,gasoline,France,101.0,6163
1.7000000000000006,105.0,814,7.5,6,5,Volkswagen,diesel,Sweden,101.0,10063
1.5000000000000004,102.0,748,7.4,12,5,Audi,diesel,Spain,101.0,5096
2.100000000000001,142.0,1012,8.5,11,5,Skoda,gasoline,Japan,101.0,9673
1.1,69.0,515,6.5,8,5,Fiat,diesel,Japan,101.0,5508
3.100000000000002,210.0,1536,10.3,3,5,Hyundai,gasoline,South Korea,101.0,19759
1.9000000000000008,119.0,968,8.2,15,3,Ford,hybrid,Japan,101.0,6377
2.100000000000001,146.0,1031,8.6,2,5,Kia,gasoline,South Korea,101.0,14273
2.7000000000000015,186.0,1369,9.8,14,5,Kia,gasoline,South Korea,101.0,12349
1.7000000000000006,114.0,824,7.5,0,5,Volkswagen,hybrid,France,101.0,12755
2.8000000000000016,206.0,1405,9.7,7,5,Peugeot,hybrid,Japan,101.0,17770
3.400000000000002,241.0,1743,11.0,9,3,Ford,hybrid,France,101.0,20976
1.6000000000000005,108.0,752,7.4,14,3,Opel,hybrid,Spain,101.0,5723
3.500000000000002,231.0,1738,11.2,4,5,Volvo,hybrid,Sweden,101.0,22936
2.300000000000001,172.0,1111,8.8,5,5,Volkswagen,diesel,Germany,101.0,14730
3.300000000000002,230.0,1685,10.8,1,3,Seat,diesel,France,101.0,23371
3.200000000000002,226.0,1559,10.6,7,3,Mercedes,hybrid,Czech Republic,101.0,19374
1.6000000000000005,109.0,752,7.6,11,5,Kia,hybrid,Spain,101.0,7684
1.1,74.0,582,6.5,1,5,Kia,diesel,France,101.0,7955
1.7000000000000006,111.0,811,7.5,9,5,Renault,hybrid,Italy,101.0,8262
3.0000000000000018,212.0,1532,10.1,3,5,Skoda,diesel,Japan,101.0,19870
2.6000000000000014,196.0,1281,9.7,5,5,Seat,gasoline,Sweden,101.0,18251
2.9000000000000017,216.0,1451,9.9,11,5,Volvo,hybrid,Germany,101.0,15744
1.2000000000000002,94.0,624,6.4,3,5,Seat,gasoline,Italy,101.0,8621
2.8000000000000016,188.0,1398,9.8,11,5,Skoda,hybrid,Sweden,101.0,14415
3.500000000000002,239.0,1745,11.3,9,3,Peugeot,hybrid,South Korea,101.0,20693
2.9000000000000017,204.0,1417,10.2,4,3,Toyota,gasoline,Germany,101.0,20096
3.0000000000000018,,1497,10.3,7,5,Renault,gasoline,Spain,101.0,17915
2.8000000000000016,206.0,1433,9.7,1,3,Skoda,hybrid,South Korea,101.0,20389
2.000000000000001,150.0,1003,8.2,0,5,Ford,diesel,France,101.0,16417
2.100000000000001,145.0,1080,8.6,0,3,Opel,hybrid,Italy,101.0,16477
1.2000000000000002,79.0,563,6.5,11,5,Mercedes,hybrid,Italy,101.0,3322
3.400000000000002,,1738,11.3,6,3,Volvo,hybrid,Italy,101.0,22419
1.5000000000000004,116.0,706,7.1,1,3,Toyota,diesel,Japan,101.0,12637
2.200000000000001,155.0,1055,8.7,15,3,Kia,diesel,Japan,101.0,8239
3.0000000000000018,209.0,1514,10.1,7,5,Toyota,gasoline,France,101.0,19173
1.8000000000000007,117.0,896,7.7,8,3,Seat,gasoline,Italy,101.0,8312
3.0000000000000018,199.0,1541,10.1,5,3,Hyundai,hybrid,Czech Republic,101.0,18328
3.300000000000002,245.0,1635,11.0,4,5,Audi,diesel,Sweden,101.0,22196
3.0000000000000018,196.0,1493,10.4,10,5,Volkswagen,hybrid,South Korea,101.0,14757
2.100000000000001,152.0,1041,8.4,1,5,BMW,diesel,Sweden,101.0,16334
1.3000000000000003,80.0,632,7.0,13,3,Kia,gasoline,Spain,101.0,3680
3.300000000000002,242.0,1688,10.8,0,3,Kia,diesel,Japan,101.0,25135
2.000000000000001,131.0,979,8.2,2,5,Toyota,hybrid,Japan,101.0,13841
1.7000000000000006,114.0,845,7.7,3,3,Kia,diesel,Spain,101.0,12087
3.0000000000000018,211.0,1470,10.1,2,3,Mercedes,hybrid,Spain,101.0,21105
2.6000000000000014,190.0,1254,9.3,3,5,Opel,gasoline,Czech Republic,101.0,17629
2.8000000000000016,202.0,1398,9.8,1,5,Kia,diesel,Italy,101.0,19561
2.000000000000001,132.0,992,8.1,3,5,Ford,hybrid,France,101.0,13253
2.4000000000000012,,1215,9.1,15,3,BMW,hybrid,Sweden,101.0,9595
1.6000000000000005,118.0,750,7.4,5,5,Audi,gasoline,Spain,101.0,9742
1.9000000000000008,138.0,946,7.8,6,5,Toyota,gasoline,France,101.0,11124
1.3000000000000003,77.0,614,,13,3,Fiat,diesel,Spain,101.0,2156
2.200000000000001,,1074,8.5,11,5,BMW,hybrid,Sweden,101.0,12294
3.400000000000002,251.0,1665,11.0,5,5,Opel,gasoline,France,101.0,23182
1.3000000000000003,96.0,698,7.0,1,3,Skoda,gasoline,Germany,101.0,11377
2.300000000000001,171.0,1106,8.6,4,3,Renault,hybrid,Sweden,101.0,16366
2.100000000000001,145.0,1013,8.3,12,5,BMW,gasoline,Sweden,101.0,9783
2.6000000000000014,188.0,1257,9.7,3,3,Seat,gasoline,Japan,101.0,18361
2.5000000000000013,167.0,1209,9.0,10,3,Volvo,diesel,Sweden,101.0,12746
2.200000000000001,145.0,1144,8.6,8,3,BMW,diesel,France,101.0,11065
1.6000000000000005,109.0,805,7.7,0,3,BMW,diesel,South Korea,101.0,11917
3.200000000000002,222.0,1616,10.8,10,3,Hyundai,diesel,Germany,101.0,18909
3.300000000000002,241.0,1603,11.1,2,3,Mercedes,hybrid,Czech Republic,101.0,23094
1.2000000000000002,84.0,647,6.8,14,3,BMW,diesel,Germany,101.0,2793
3.300000000000002,229.0,1618,10.6,5,3,Opel,diesel,Czech Republic,101.0,21808
2.000000000000001,137.0,972,8.1,10,3,Kia,diesel,France,101.0,9637
2.7000000000000015,185.0,1377,9.6,3,5,BMW,hybrid,Japan,101.0,17665
2.100000000000001,134.0,1021,8.6,5,5,Toyota,hybrid,Czech Republic,101.0,12906
1.3000000000000003,102.0,601,6.7,15,5,BMW,hybrid,France,101.0,4746
3.400000000000002,235.0,1657,10.8,11,3,Renault,gasoline,Japan,101.0,18788
3.100000000000002,210.0,1523,10.3,14,5,Hyundai,gasoline,Czech Republic,101.0,15574
3.300000000000002,219.0,1628,,0,5,Ford,gasoline,Japan,101.0,22410
2.7000000000000015,177.0,1336,9.8,5,5,Kia,hybrid,Japan,101.0,17149
2.6000000000000014,176.0,1255,9.6,12,3,Fiat,hybrid,Sweden,101.0,12473
3.0000000000000018,200.0,1478,10.4,9,5,Seat,gasoline,Italy,101.0,17232
1.7000000000000006,124.0,896,7.5,6,3,Hyundai,hybrid,Japan,101.0,11350
3.300000000000002,237.0,1617,11.0,12,3,Hyundai,gasoline,Sweden,101.0,19101
2.6000000000000014,174.0,1293,,1,5,Audi,hybrid,Japan,101.0,17546
2.9000000000000017,189.0,1487,10.2,0,5,Hyundai,gasoline,Sweden,101.0,19131
2.4000000000000012,171.0,1249,8.8,5,5,BMW,hybrid,Italy,101.0,16285
2.6000000000000014,188.0,1287,9.4,10,3,BMW,gasoline,Sweden,101.0,15609
3.300000000000002,244.0,1606,10.6,0,3,Hyundai,gasoline,Japan,101.0,25469
3.0000000000000018,197.0,1544,10.3,12,5,Mercedes,gasoline,Japan,101.0,14968
1.8000000000000007,128.0,919,,14,5,Seat,hybrid,Italy,101.0,7261
1.2000000000000002,97.0,635,6.7,0,3,Audi,diesel,Czech Republic,101.0,11273
2.8000000000000016,203.0,1397,9.7,0,3,Hyundai,hybrid,Sweden,101.0,20238
3.500000000000002,245.0,1712,11.0,4,5,Ford,gasoline,Germany,101.0,22534
1.6000000000000005,125.0,774,7.4,8,3,Audi,hybrid,Germany,101.0,9358
3.300000000000002,222.0,1605,11.0,8,5,Hyundai,hybrid,Sweden,101.0,19795
3.500000000000002,246.0,1713,11.4,14,3,Seat,diesel,South Korea,101.0,17525
3.500000000000002,241.0,1750,11.5,6,5,Mercedes,hybrid,Japan,101.0,21292
2.5000000000000013,178.0,1248,,0,5,Ford,gasoline,Japan,101.0,18122
1.8000000000000007,113.0,879,7.9,8,3,Fiat,gasoline,South Korea,101.0,8016
1.4000000000000004,89.0,677,6.9,3,5,Skoda,hybrid,Germany,101.0,9370
3.300000000000002,245.0,1629,10.7,11,3,Volkswagen,hybrid,Germany,101.0,19353
1.0,60.0,496,6.2,13,3,Volkswagen,gasoline,South Korea,101.0,1901
2.000000000000001,126.0,980,8.4,1,3,Ford,hybrid,Italy,101.0,12605
2.9000000000000017,216.0,1486,9.9,13,5,Ford,gasoline,France,101.0,16077
1.8000000000000007,113.0,937,7.9,12,3,Audi,gasoline,France,101.0,6688
2.300000000000001,148.0,1179,8.8,4,3,Mercedes,gasoline,South Korea,101.0,14723
1.7000000000000006,109.0,875,7.9,6,3,Toyota,hybrid,France,101.0,9736
2.300000000000001,173.0,1164,9.0,2,5,BMW,gasoline,South Korea,101.0,17782
3.300000000000002,243.0,1629,10.8,2,5,Renault,gasoline,Japan,101.0,24530
3.0000000000000018,222.0,1501,,0,5,Ford,hybrid,Sweden,101.0,23746
1.7000000000000006,125.0,816,7.5,4,3,Skoda,diesel,France,101.0,11093
2.9000000000000017,211.0,1493,10.3,10,5,Mercedes,hybrid,Spain,101.0,16182
3.500000000000002,240.0,1778,11.1,15,3,Opel,hybrid,Sweden,101.0,17600
3.0000000000000018,218.0,1536,10.2,9,3,Skoda,gasoline,Germany,101.0,18855
3.500000000000002,259.0,1742,11.2,7,5,Hyundai,hybrid,Spain,101.0,22038
1.5000000000000004,104.0,776,7.2,11,5,Ford,gasoline,Germany,101.0,5688
1.7000000000000006,115.0,818,7.9,10,5,Ford,diesel,Japan,101.0,7044
2.8000000000000016,182.0,1406,9.8,11,3,Volkswagen,diesel,Germany,101.0,14753
1.7000000000000006,120.0,834,7.4,4,3,Audi,hybrid,France,101.0,10648
1.5000000000000004,93.0,775,7.1,0,3,Opel,hybrid,Spain,101.0,10372
2.100000000000001,141.0,1011,8.7,15,5,Renault,gasoline,Germany,101.0,8711
1.3000000000000003,85.0,615,6.7,9,3,Volkswagen,diesel,Spain,101.0,5899
1.0,,527,6.1,13,3,Renault,gasoline,Spain,101.0,700
1.6000000000000005,104.0,821,7.6,9,5,BMW,diesel,Spain,101.0,7689
1.2000000000000002,94.0,556,6.6,14,3,BMW,hybrid,Japan,101.0,3573
1.9000000000000008,146.0,905,7.9,2,3,Kia,gasoline,Czech Republic,101.0,14281
1.3000000000000003,100.0,628,7.0,15,3,Fiat,hybrid,Japan,101.0,4130
2.5000000000000013,168.0,1254,9.1,0,3,Skoda,hybrid,Czech Republic,101.0,18700
3.200000000000002,227.0,1603,10.5,2,3,Opel,diesel,Spain,101.0,21796
1.2000000000000002,94.0,601,6.4,5,5,Kia,hybrid,Czech Republic,101.0,7999
3.200000000000002,233.0,1621,10.6,7,3,Skoda,gasoline,Germany,101.0,19392
3.500000000000002,241.0,1774,11.3,14,5,Fiat,gasoline,South Korea,101.0,18408
1.0,67.0,527,6.0,0,3,Mercedes,hybrid,Czech Republic,101.0,8271
1.2000000000000002,69.0,551,6.4,3,3,Opel,gasoline,South Korea,101.0,6997
2.200000000000001,159.0,1081,8.6,7,3,Seat,diesel,Italy,101.0,12928
2.8000000000000016,190.0,1363,9.7,1,5,Ford,hybrid,South Korea,101.0,20171
1.3000000000000003,84.0,695,6.7,10,5,Toyota,hybrid,Germany,101.0,4912
1.1,63.0,536,6.4,2,3,Audi,diesel,Germany,101.0,6928
2.8000000000000016,186.0,1427,,13,3,Volvo,gasoline,Germany,101.0,12894
2.200000000000001,142.0,1141,8.6,1,3,Peugeot,gasoline,Spain,101.0,14628
2.8000000000000016,189.0,1373,9.9,3,3,Renault,hybrid,Italy,101.0,18248
3.500000000000002,242.0,1714,11.3,2,5,Mercedes,diesel,Czech Republic,101.0,23666
1.6000000000000005,,837,7.5,2,3,Hyundai,gasoline,Czech Republic,101.0,9583
3.400000000000002,245.0,1741,11.2,1,5,Skoda,hybrid,Italy,101.0,24232
1.9000000000000008,142.0,955,7.9,10,3,Toyota,hybrid,Spain,101.0,10465
1.8000000000000007,118.0,898,7.7,5,5,Hyundai,diesel,France,101.0,10406
1.4000000000000004,85.0,729,6.9,10,5,Volkswagen,gasoline,Germany,101.0,4497
2.8000000000000016,201.0,1377,10.0,1,3,Kia,gasoline,Italy,101.0,21069
3.500000000000002,253.0,1727,11.3,1,3,Seat,diesel,Sweden,101.0,25691
2.100000000000001,161.0,1000,8.3,15,5,Fiat,hybrid,Spain,101.0,9905
2.6000000000000014,185.0,1299,9.7,9,5,Ford,diesel,France,101.0,15436
3.500000000000002,232.0,1778,11.5,13,5,Fiat,hybrid,Italy,101.0,18204
1.4000000000000004,100.0,682,7.2,12,3,Opel,diesel,Japan,101.0,4897
2.4000000000000012,165.0,1204,8.9,11,3,Hyundai,hybrid,Sweden,101.0,11436
3.100000000000002,202.0,1502,10.2,2,5,Mercedes,diesel,Italy,101.0,19454
1.3000000000000003,103.0,671,6.9,2,3,BMW,gasoline,Japan,101.0,10970
3.0000000000000018,199.0,1452,10.2,4,3,Hyundai,diesel,France,101.0,19112
1.8000000000000007,129.0,850,7.6,4,3,Renault,gasoline,Sweden,101.0,11710
3.300000000000002,238.0,1648,10.9,5,5,Skoda,gasoline,Czech Republic,101.0,22073
1.4000000000000004,109.0,679,6.9,4,3,Hyundai,diesel,Sweden,101.0,9715
1.4000000000000004,103.0,701,7.2,6,5,Seat,hybrid,France,101.0,8256
2.200000000000001,143.0,1116,8.5,3,3,Volvo,hybrid,France,101.0,13431
1.4000000000000004,102.0,713,6.9,15,3,Peugeot,diesel,Sweden,101.0,3351
2.9000000000000017,214.0,1493,10.0,5,3,Hyundai,hybrid,South Korea,101.0,19858
1.6000000000000005,118.0,849,7.2,7,3,Audi,hybrid,Sweden,101.0,9659
1.8000000000000007,129.0,907,7.7,12,5,Skoda,gasoline,Italy,101.0,7132
1.8000000000000007,132.0,855,7.7,6,3,Audi,diesel,Japan,101.0,12357
2.8000000000000016,,1367,9.8,15,5,Volkswagen,diesel,Czech Republic,101.0,12236
1.9000000000000008,128.0,977,8.2,2,3,Opel,diesel,Sweden,101.0,12912
1.3000000000000003,91.0,685,6.6,15,3,Skoda,hybrid,Germany,101.0,2230
2.7000000000000015,182.0,1377,9.5,13,3,Peugeot,diesel,France,101.0,11961
1.5000000000000004,98.0,761,7.4,13,5,Renault,gasoline,South Korea,101.0,4492
3.500000000000002,238.0,1739,11.4,1,3,Seat,gasoline,South Korea,101.0,24602
1.1,72.0,564,6.7,3,3,Skoda,diesel,Sweden,101.0,7574
1.0,69.0,531,6.0,7,3,Toyota,diesel,Spain,101.0,5754
1.3000000000000003,79.0,671,6.8,5,3,BMW,diesel,Spain,101.0,7944
1.9000000000000008,142.0,912,8.1,12,5,Volkswagen,hybrid,France,101.0,8783
2.4000000000000012,179.0,1205,8.9,15,3,Fiat,diesel,South Korea,101.0,11482
1.5000000000000004,106.0,789,7.1,9,3,Kia,gasoline,South Korea,101.0,8180
1.7000000000000006,120.0,880,7.7,5,3,Opel,gasoline,South Korea,101.0,11276
2.7000000000000015,195.0,1337,9.5,4,3,Volvo,hybrid,France,101.0,19252
2.7000000000000015,182.0,1371,,1,5,Audi,gasoline,Japan,101.0,19124
3.400000000000002,247.0,1665,11.0,2,5,Fiat,hybrid,Spain,101.0,24328
3.300000000000002,226.0,1668,,6,3,Opel,gasoline,Italy,101.0,19529
2.000000000000001,127.0,963,8.2,4,3,Fiat,diesel,Spain,101.0,11306
1.0,59.0,482,6.4,0,3,Audi,diesel,Spain,101.0,8201
2.000000000000001,142.0,1024,8.2,12,5,Kia,diesel,Czech Republic,101.0,9281
2.000000000000001,153.0,994,8.4,13,5,Opel,diesel,Sweden,101.0,10469
1.8000000000000007,133.0,912,8.0,11,5,Audi,diesel,Spain,101.0,8813
1.5000000000000004,103.0,716,7.2,1,5,Kia,diesel,France,101.0,10608
3.500000000000002,232.0,1716,11.2,6,3,Peugeot,diesel,Spain,101.0,22027
2.300000000000001,167.0,1189,8.8,11,3,Ford,gasoline,Italy,101.0,13047
2.300000000000001,155.0,1131,8.7,7,3,Opel,hybrid,Sweden,101.0,12310
2.200000000000001,168.0,1121,8.5,4,3,Seat,gasoline,Czech Republic,101.0,15935
2.300000000000001,155.0,1110,8.8,15,3,Ford,hybrid,Italy,101.0,9296
2.4000000000000012,,1167,8.9,0,5,Audi,gasoline,Sweden,101.0,18334
1.4000000000000004,87.0,686,6.9,14,3,Renault,gasoline,Spain,101.0,3926
2.8000000000000016,207.0,1356,9.9,1,3,Renault,gasoline,France,101.0,21234
2.000000000000001,129.0,975,8.5,7,5,Hyundai,gasoline,South Korea,101.0,10685
3.500000000000002,244.0,1750,11.0,15,3,Opel,hybrid,Spain,101.0,18276
1.6000000000000005,106.0,845,7.5,6,5,BMW,diesel,Sweden,101.0,8853
2.6000000000000014,169.0,1311,9.3,9,5,Toyota,hybrid,Italy,101.0,14261
1.7000000000000006,117.0,849,7.6,14,5,Ford,gasoline,Germany,101.0,5227
1.5000000000000004,98.0,739,7.4,13,3,Kia,hybrid,Spain,101.0,5339
3.200000000000002,216.0,1630,10.6,15,5,Peugeot,gasoline,Italy,101.0,15957
1.0,71.0,515,,2,5,Ford,gasoline,Japan,101.0,8032
2.7000000000000015,181.0,1386,9.4,14,3,Opel,gasoline,Czech Republic,101.0,11454
2.8000000000000016,188.0,1447,9.9,13,3,Renault,gasoline,France,101.0,14255
1.2000000000000002,71.0,577,6.7,15,5,Volvo,hybrid,Japan,101.0,1195
3.300000000000002,224.0,1664,10.9,2,5,Hyundai,gasoline,Japan,101.0,22539
2.200000000000001,161.0,1050,8.5,4,3,Peugeot,gasoline,Italy,101.0,14168
1.8000000000000007,123.0,893,7.9,11,3,Skoda,hybrid,Czech Republic,101.0,7998
2.100000000000001,157.0,1068,8.4,4,3,Audi,hybrid,Germany,101.0,14869
1.8000000000000007,132.0,878,7.8,2,3,Volkswagen,gasoline,South Korea,101.0,13755
2.7000000000000015,181.0,1305,9.6,4,5,Opel,gasoline,Germany,101.0,16793
2.300000000000001,160.0,1176,8.9,2,3,Ford,gasoline,France,101.0,15351
2.7000000000000015,196.0,1379,9.8,13,3,Opel,hybrid,Spain,101.0,14164
1.3000000000000003,80.0,609,6.8,10,5,Fiat,gasoline,South Korea,101.0,3844
1.5000000000000004,113.0,759,7.2,6,3,Peugeot,diesel,Spain,101.0,9196
1.5000000000000004,90.0,727,7.4,13,3,Skoda,diesel,Japan,101.0,3557
3.500000000000002,,1728,11.2,9,3,Peugeot,gasoline,Spain,101.0,19570
1.4000000000000004,93.0,701,6.8,12,5,Volkswagen,hybrid,Sweden,101.0,5740
2.9000000000000017,217.0,1493,10.3,15,5,Seat,gasoline,Sweden,101.0,15245
2.300000000000001,157.0,1137,9.1,10,3,Audi,hybrid,Spain,101.0,11773
1.8000000000000007,140.0,940,7.8,6,5,Peugeot,hybrid,Italy,101.0,12695
3.100000000000002,225.0,1548,10.4,15,3,Renault,diesel,Italy,101.0,15203
2.300000000000001,165.0,1104,9.0,7,3,Hyundai,hybrid,Czech Republic,101.0,13961
1.0,75.0,460,6.3,2,3,Renault,gasoline,Czech Republic,101.0,8632
3.0000000000000018,222.0,1504,10.2,10,5,Fiat,gasoline,Germany,101.0,18107
2.6000000000000014,193.0,1313,9.5,7,5,Volvo,hybrid,Germany,101.0,16817
1.5000000000000004,117.0,790,7.2,0,5,Volkswagen,diesel,South Korea,101.0,13630
2.000000000000001,,981,8.2,13,3,Fiat,hybrid,Italy,101.0,8965
2.8000000000000016,193.0,1436,9.9,11,5,Ford,hybrid,Sweden,101.0,13860
1.9000000000000008,145.0,974,7.8,12,5,Hyundai,hybrid,Spain,101.0,9151
2.7000000000000015,185.0,1315,9.4,10,3,Peugeot,hybrid,Spain,101.0,14773
1.2000000000000002,79.0,647,6.6,8,5,Seat,hybrid,South Korea,101.0,5686
3.500000000000002,,1764,11.1,12,3,Skoda,gasoline,Spain,101.0,18832
2.8000000000000016,204.0,1370,9.9,15,3,Mercedes,hybrid,South Korea,101.0,13211
1.0,58.0,513,6.1,13,3,Fiat,hybrid,Japan,101.0,270
2.5000000000000013,184.0,1209,9.0,7,3,Fiat,diesel,France,101.0,16107
2.7000000000000015,176.0,1373,9.6,10,5,Volkswagen,hybrid,Sweden,101.0,13926
1.2000000000000002,73.0,649,6.6,13,5,Audi,gasoline,France,101.0,3484
2.000000000000001,144.0,972,8.1,10,3,Hyundai,diesel,Germany,101.0,9678
2.100000000000001,151.0,1023,8.7,10,5,Renault,diesel,Japan,101.0,11550
3.0000000000000018,,1477,10.2,8,3,Volvo,hybrid,Italy,101.0,19086
1.3000000000000003,96.0,677,6.7,1,5,Seat,diesel,Spain,101.0,10028
2.7000000000000015,190.0,1330,9.8,2,3,Volvo,diesel,Italy,101.0,18075
1.5000000000000004,100.0,787,7.3,8,3,Peugeot,diesel,Spain,101.0,8318
1.4000000000000004,89.0,717,7.1,13,3,Seat,diesel,Spain,101.0,3451
2.7000000000000015,201.0,1317,9.5,14,5,Peugeot,diesel,Germany,101.0,13517
2.300000000000001,162.0,1176,8.9,1,5,Volvo,diesel,Sweden,101.0,16664
1.3000000000000003,102.0,635,7.0,8,3,Audi,diesel,France,101.0,7612
2.200000000000001,144.0,1136,,11,3,Renault,gasoline,South Korea,101.0,10598
2.7000000000000015,175.0,1393,9.6,15,3,Audi,diesel,Sweden,101.0,10987
1.1,78.0,595,6.5,14,5,Volvo,hybrid,Spain,101.0,2864
3.200000000000002,221.0,1586,10.9,9,5,Volkswagen,hybrid,South Korea,101.0,18725
1.1,81.0,592,6.3,11,3,Ford,diesel,Spain,101.0,4615
1.7000000000000006,130.0,886,7.6,1,3,Ford,hybrid,Sweden,101.0,12944
2.5000000000000013,181.0,1217,9.2,12,3,Renault,diesel,Italy,101.0,13702
2.7000000000000015,200.0,1320,9.7,11,5,Opel,gasoline,Japan,101.0,15767
2.5000000000000013,174.0,1238,9.2,10,5,Volvo,diesel,Germany,101.0,13589
1.0,,522,6.1,10,3,Fiat,diesel,France,101.0,4432
2.100000000000001,142.0,1081,8.2,8,3,Toyota,hybrid,Japan,101.0,10460
1.0,71.0,519,6.1,9,5,Peugeot,gasoline,South Korea,101.0,4261
2.100000000000001,146.0,1059,8.4,9,5,Mercedes,gasoline,Spain,101.0,10992
1.6000000000000005,120.0,779,7.3,6,3,Volvo,hybrid,Italy,101.0,11133
2.200000000000001,165.0,1101,8.4,11,5,Hyundai,diesel,France,101.0,11426
1.4000000000000004,84.0,686,6.9,4,3,Fiat,gasoline,Japan,101.0,7996
1.7000000000000006,112.0,810,7.6,10,5,Kia,hybrid,Japan,101.0,8587
2.100000000000001,160.0,1024,8.6,4,3,Kia,hybrid,France,101.0,14837
3.0000000000000018,224.0,1495,10.1,2,5,Skoda,hybrid,Spain,101.0,22230
1.2000000000000002,72.0,618,6.9,11,3,Mercedes,gasoline,Spain,101.0,4215
3.200000000000002,212.0,1580,10.8,12,3,BMW,hybrid,South Korea,101.0,15606
1.8000000000000007,129.0,915,7.8,11,5,BMW,diesel,France,101.0,9618
1.6000000000000005,109.0,757,7.6,7,5,Hyundai,hybrid,Czech Republic,101.0,7912
3.100000000000002,219.0,1589,10.4,15,3,Ford,gasoline,Japan,101.0,15740
1.4000000000000004,89.0,718,7.0,9,5,Peugeot,diesel,Spain,101.0,5664
2.9000000000000017,209.0,1453,10.2,12,3,Volkswagen,hybrid,South Korea,101.0,15094
2.5000000000000013,188.0,1253,9.3,15,3,Hyundai,hybrid,France,101.0,11092
3.300000000000002,242.0,1661,10.9,2,3,Ford,diesel,Italy,101.0,24204
2.6000000000000014,171.0,1339,9.4,10,5,Skoda,diesel,South Korea,101.0,12384
1.3000000000000003,104.0,639,7.1,7,3,Renault,gasoline,Spain,101.0,8754
1.6000000000000005,118.0,807,7.7,11,3,Mercedes,hybrid,France,101.0,7084
1.0,80.0,457,6.2,10,3,Audi,hybrid,Sweden,101.0,4008
1.6000000000000005,115.0,788,7.6,10,5,Volkswagen,hybrid,Spain,101.0,6899
1.4000000000000004,97.0,712,7.1,5,5,Ford,diesel,Czech Republic,101.0,7955
1.8000000000000007,116.0,864,8.0,6,3,Renault,hybrid,Czech Republic,101.0,11058
1.1,73.0,527,,7,3,Kia,gasoline,Czech Republic,101.0,4984
1.1,87.0,566,6.2,15,5,Mercedes,hybrid,Czech Republic,101.0,1770
1.5000000000000004,102.0,720,7.2,5,3,Opel,gasoline,Czech Republic,101.0,8606
1.9000000000000008,137.0,979,8.1,8,3,Volkswagen,gasoline,Czech Republic,101.0,10063
1.1,84.0,547,6.4,5,5,Toyota,diesel,Spain,101.0,7293
3.100000000000002,227.0,1588,10.3,15,5,Toyota,diesel,Italy,101.0,15049
3.300000000000002,245.0,1686,10.9,14,5,Opel,diesel,France,101.0,18043
3.0000000000000018,214.0,1456,10.1,12,3,Hyundai,diesel,France,101.0,16219
2.6000000000000014,182.0,1277,9.5,3,3,Peugeot,gasoline,Germany,101.0,18186
2.9000000000000017,194.0,1427,9.9,5,3,Volvo,gasoline,South Korea,101.0,17751
1.1,68.0,500,6.5,15,3,Hyundai,hybrid,Spain,101.0,184
2.8000000000000016,195.0,1418,9.6,7,5,Peugeot,hybrid,South Korea,101.0,17660
3.400000000000002,224.0,1725,10.8,4,5,Kia,gasoline,Sweden,101.0,20581
3.0000000000000018,211.0,1450,10.1,5,3,Skoda,gasoline,Czech Republic,101.0,19926
2.200000000000001,143.0,1051,8.5,0,5,Fiat,gasoline,Italy,101.0,14716
1.5000000000000004,117.0,727,7.0,15,5,Seat,diesel,Sweden,101.0,5370
2.000000000000001,132.0,994,8.2,9,3,Opel,diesel,South Korea,101.0,9215
1.4000000000000004,92.0,693,6.9,15,5,Skoda,gasoline,France,101.0,3266
2.4000000000000012,158.0,1249,9.0,5,5,Kia,gasoline,Germany,101.0,14423
1.2000000000000002,,644,6.6,9,3,Volkswagen,gasoline,Spain,101.0,3466
1.0,75.0,450,6.3,1,5,Mercedes,gasoline,Czech Republic,101.0,8272
1.6000000000000005,100.0,808,7.4,10,3,Skoda,gasoline,Sweden,101.0,6570
3.200000000000002,218.0,1578,10.7,12,3,Volvo,diesel,Czech Republic,101.0,16846
3.400000000000002,,1716,11.2,1,5,Opel,hybrid,Spain,101.0,24815
2.7000000000000015,,1366,9.8,8,5,Toyota,gasoline,France,101.0,14949
2.000000000000001,144.0,956,8.1,7,5,Toyota,hybrid,Czech Republic,101.0,12005
2.7000000000000015,184.0,1356,9.7,11,5,Kia,diesel,Germany,101.0,14856
1.0,57.0,486,6.4,0,5,Renault,diesel,France,101.0,6732
1.8000000000000007,132.0,870,8.0,2,5,Audi,diesel,France,101.0,12690
2.100000000000001,152.0,1026,,6,5,Hyundai,hybrid,Czech Republic,101.0,13311
3.200000000000002,231.0,1646,10.5,1,3,Mercedes,diesel,South Korea,101.0,22575
1.4000000000000004,97.0,713,7.0,2,3,BMW,gasoline,Czech Republic,101.0,10358
2.200000000000001,158.0,1118,8.7,10,3,BMW,hybrid,Germany,101.0,11234
1.7000000000000006,109.0,873,7.8,12,5,Volvo,diesel,South Korea,101.0,5709
3.500000000000002,,1760,11.3,1,3,Hyundai,diesel,France,101.0,23604
3.300000000000002,228.0,1618,11.0,1,5,Hyundai,hybrid,Germany,101.0,22863
1.7000000000000006,133.0,886,7.9,2,3,Volvo,hybrid,Japan,101.0,13024
2.5000000000000013,169.0,1254,9.4,1,5,Peugeot,gasoline,Spain,101.0,16940
2.000000000000001,131.0,995,8.1,1,3,Renault,hybrid,Spain,101.0,13732
3.300000000000002,227.0,1608,,1,5,Volvo,diesel,Italy,101.0,22315
3.100000000000002,209.0,1535,10.6,12,3,Opel,gasoline,Germany,101.0,16745
2.4000000000000012,156.0,1188,8.8,2,3,Volkswagen,gasoline,Italy,101.0,15724
1.1,66.0,508,6.5,9,3,Seat,gasoline,Spain,101.0,4263
1.9000000000000008,143.0,958,8.0,7,5,Opel,gasoline,France,101.0,10852
2.5000000000000013,177.0,1235,9.1,10,3,BMW,hybrid,Japan,101.0,12948
1.5000000000000004,101.0,709,7.3,7,3,Skoda,hybrid,South Korea,101.0,8880
3.300000000000002,229.0,1605,11.0,12,3,Audi,gasoline,Czech Republic,101.0,18208
3.300000000000002,238.0,1629,10.7,0,3,Volkswagen,diesel,Spain,101.0,24156
2.000000000000001,151.0,983,8.1,4,3,Kia,diesel,Spain,101.0,15079
2.300000000000001,154.0,1156,8.7,11,5,Kia,diesel,Japan,101.0,11448
2.8000000000000016,207.0,1378,9.8,7,3,Skoda,gasoline,South Korea,101.0,17193
2.4000000000000012,153.0,1240,9.0,8,3,Renault,gasoline,Spain,101.0,12280
2.9000000000000017,200.0,1430,10.1,4,3,Volvo,gasoline,Japan,101.0,19280
2.200000000000001,147.0,1091,8.8,9,5,Opel,diesel,Japan,101.0,11085
3.500000000000002,238.0,1764,11.2,9,5,Volkswagen,hybrid,Spain,101.0,20508
2.200000000000001,156.0,1148,8.8,12,3,Toyota,hybrid,Japan,101.0,10887
1.3000000000000003,89.0,647,6.8,10,5,BMW,gasoline,Italy,101.0,6179
3.500000000000002,252.0,1716,11.4,10,3,Opel,diesel,Italy,101.0,20289
1.4000000000000004,95.0,702,7.0,0,5,Opel,gasoline,Czech Republic,101.0,11515
3.0000000000000018,221.0,1488,10.3,2,3,Volvo,hybrid,Germany,101.0,22224
2.200000000000001,153.0,1089,,5,3,Volvo,hybrid,Spain,101.0,13798
2.6000000000000014,188.0,1269,9.5,9,5,Volkswagen,hybrid,Sweden,101.0,16027
1.5000000000000004,104.0,702,7.2,4,3,Audi,hybrid,Italy,101.0,9148
1.6000000000000005,97.0,750,7.5,3,5,Hyundai,diesel,Sweden,101.0,10034
3.200000000000002,234.0,1560,10.8,8,3,Renault,gasoline,Spain,101.0,19662
3.0000000000000018,,1517,10.3,6,3,Audi,diesel,Germany,101.0,18000
1.2000000000000002,81.0,644,6.7,2,3,Audi,gasoline,Germany,101.0,8498
2.300000000000001,155.0,1171,8.7,2,3,Kia,hybrid,Germany,101.0,15756
3.300000000000002,226.0,1607,10.8,0,5,Toyota,hybrid,Czech Republic,101.0,23248
2.000000000000001,143.0,974,8.5,7,5,Ford,gasoline,Germany,101.0,12712
1.0,84.0,498,6.4,0,5,Volvo,hybrid,Japan,101.0,10520
1.3000000000000003,104.0,658,6.9,0,5,BMW,gasoline,South Korea,101.0,10872
3.100000000000002,208.0,1572,10.7,12,5,Skoda,diesel,Italy,101.0,15208
1.8000000000000007,,859,8.0,11,3,Skoda,gasoline,Italy,101.0,7706
2.100000000000001,144.0,1008,8.6,0,3,BMW,hybrid,South Korea,101.0,15102
3.0000000000000018,201.0,1473,10.2,1,3,Peugeot,gasoline,Spain,101.0,21017
1.5000000000000004,95.0,707,7.4,9,5,Peugeot,gasoline,Japan,101.0,6544
2.100000000000001,146.0,1062,8.5,0,5,Fiat,hybrid,Sweden,101.0,16723
3.0000000000000018,196.0,1463,10.3,4,5,Ford,hybrid,Japan,101.0,19564
1.2000000000000002,71.0,640,,5,3,Opel,gasoline,South Korea,101.0,7328
3.300000000000002,226.0,1640,10.7,8,3,Seat,gasoline,Germany,101.0,20004
2.9000000000000017,200.0,1486,10.0,8,5,Hyundai,hybrid,Spain,101.0,16861
2.6000000000000014,171.0,1286,9.4,1,5,Peugeot,gasoline,Sweden,101.0,16972
3.100000000000002,205.0,1574,10.4,12,3,Mercedes,hybrid,Sweden,101.0,15822
1.2000000000000002,87.0,568,6.7,6,3,Kia,diesel,Sweden,101.0,8126
3.0000000000000018,210.0,1519,10.4,14,5,Volvo,hybrid,Czech Republic,101.0,15672
2.300000000000001,154.0,1150,,15,3,Hyundai,hybrid,Germany,101.0,9652
2.100000000000001,144.0,1065,8.3,2,3,Opel,gasoline,Italy,101.0,14778
2.200000000000001,160.0,1147,8.9,9,3,Kia,hybrid,Italy,101.0,11619
1.9000000000000008,130.0,938,8.0,13,3,Ford,hybrid,Spain,101.0,7273
2.7000000000000015,189.0,1385,9.6,8,3,Volvo,diesel,Italy,101.0,15894
3.500000000000002,230.0,1749,11.3,8,5,Mercedes,hybrid,Germany,101.0,20610
2.9000000000000017,209.0,1495,10.0,1,5,Audi,gasoline,France,101.0,21756
2.7000000000000015,199.0,1355,9.9,6,3,Renault,hybrid,France,101.0,16873
2.200000000000001,149.0,1122,8.9,2,5,Audi,diesel,Spain,101.0,14306
1.2000000000000002,,618,6.8,4,3,Kia,gasoline,Italy,101.0,8157
1.2000000000000002,,566,6.6,7,5,Kia,diesel,Japan,101.0,5562
2.6000000000000014,192.0,1269,9.5,14,5,Skoda,gasoline,Germany,101.0,13275
3.200000000000002,231.0,1593,10.7,0,5,Opel,gasoline,France,101.0,22913
3.300000000000002,238.0,1675,10.7,11,3,BMW,gasoline,Sweden,101.0,17960
3.0000000000000018,222.0,1476,10.1,13,3,Renault,diesel,Italy,101.0,16234
2.000000000000001,138.0,1037,8.5,12,3,Renault,gasoline,South Korea,101.0,8945
3.100000000000002,218.0,1565,10.4,4,3,Fiat,hybrid,Czech Republic,101.0,21037
1.2000000000000002,93.0,600,6.9,13,3,Kia,hybrid,South Korea,101.0,3904
2.100000000000001,134.0,1010,8.4,9,5,Skoda,hybrid,South Korea,101.0,10648
1.1,65.0,575,6.3,5,3,BMW,gasoline,France,101.0,6390
2.5000000000000013,164.0,1210,9.3,2,3,Renault,diesel,Spain,101.0,15768
3.100000000000002,213.0,1531,10.2,14,5,Skoda,gasoline,Spain,101.0,15427
1.2000000000000002,70.0,574,6.7,10,5,Ford,gasoline,Sweden,101.0,3229
3.0000000000000018,224.0,1548,10.4,7,5,Seat,gasoline,Czech Republic,101.0,19760
1.0,80.0,466,6.1,9,5,Volkswagen,diesel,Sweden,101.0,5562
2.6000000000000014,187.0,1265,9.3,8,5,Renault,diesel,Sweden,101.0,14887
2.200000000000001,158.0,1051,8.8,8,5,Mercedes,gasoline,South Korea,101.0,13599
1.2000000000000002,90.0,635,6.8,12,5,Audi,hybrid,Spain,101.0,5322
1.1,67.0,562,6.3,10,5,Peugeot,diesel,France,101.0,4420
1.1,75.0,522,6.5,5,3,Audi,diesel,Spain,101.0,7478
2.100000000000001,134.0,1021,8.6,1,5,Kia,hybrid,South Korea,101.0,14318
2.200000000000001,165.0,1081,8.7,5,3,Skoda,hybrid,South Korea,101.0,14153
1.2000000000000002,,637,6.4,5,3,Renault,gasoline,Japan,101.0,8326
2.6000000000000014,168.0,1342,9.7,6,3,Toyota,gasoline,Spain,101.0,15821
1.5000000000000004,105.0,739,,13,5,Volkswagen,hybrid,Japan,101.0,5911
3.0000000000000018,220.0,1458,10.5,7,3,Peugeot,hybrid,Czech Republic,101.0,18654
3.0000000000000018,214.0,1549,10.3,12,5,Kia,hybrid,France,101.0,16354
3.200000000000002,216.0,1631,10.5,14,5,Fiat,gasoline,Spain,101.0,16069
3.100000000000002,230.0,1507,10.7,9,5,Ford,gasoline,Spain,101.0,19441
3.100000000000002,212.0,1533,,10,3,Audi,hybrid,Sweden,101.0,17328
2.5000000000000013,179.0,1296,9.3,1,3,Volkswagen,diesel,South Korea,101.0,18365
2.4000000000000012,177.0,1239,8.9,3,3,Ford,diesel,Spain,101.0,17317
3.100000000000002,217.0,1520,10.6,5,5,Volvo,hybrid,Spain,101.0,19123
1.7000000000000006,114.0,880,7.6,5,3,Ford,gasoline,France,101.0,9716
3.200000000000002,236.0,1645,10.6,10,3,Opel,hybrid,Sweden,101.0,18637
2.100000000000001,161.0,1046,8.2,15,3,Mercedes,diesel,South Korea,101.0,9135
1.8000000000000007,132.0,857,8.0,6,5,Volkswagen,hybrid,Sweden,101.0,10905
2.000000000000001,131.0,1026,8.4,4,5,Volvo,hybrid,Czech Republic,101.0,11674
2.7000000000000015,188.0,1399,9.7,4,3,Kia,gasoline,Germany,101.0,16894
2.9000000000000017,197.0,1446,10.1,5,5,Skoda,hybrid,South Korea,101.0,18443
1.0,70.0,457,6.3,2,5,Seat,gasoline,Sweden,101.0,7747
1.0,72.0,532,,8,5,Kia,hybrid,Czech Republic,101.0,4466
1.8000000000000007,120.0,897,7.8,15,5,Toyota,diesel,Spain,101.0,5066
2.300000000000001,154.0,1199,8.6,14,5,Volkswagen,hybrid,South Korea,101.0,9145
2.4000000000000012,,1237,9.2,10,5,Fiat,gasoline,Germany,101.0,12003
3.500000000000002,255.0,1700,11.2,14,3,Opel,gasoline,France,101.0,18472
2.4000000000000012,172.0,1176,8.8,9,3,Volkswagen,hybrid,France,101.0,12920
3.0000000000000018,223.0,1490,10.2,10,3,Renault,gasoline,Germany,101.0,18118
3.500000000000002,236.0,1760,11.4,0,5,Hyundai,gasoline,Sweden,101.0,25006
2.4000000000000012,169.0,1187,9.2,15,5,Opel,diesel,Japan,101.0,10997
1.0,62.0,467,6.1,2,3,BMW,gasoline,Czech Republic,101.0,7745
1.2000000000000002,89.0,581,6.4,8,3,Kia,gasoline,Italy,101.0,6334
2.300000000000001,172.0,1154,8.8,6,5,Audi,hybrid,South Korea,101.0,15484
1.1,83.0,599,6.3,4,3,BMW,hybrid,Sweden,101.0,8061
3.0000000000000018,213.0,1502,10.4,11,3,Peugeot,diesel,Italy,101.0,17215
1.9000000000000008,124.0,940,8.3,13,3,BMW,hybrid,Czech Republic,101.0,6849
1.5000000000000004,,757,7.0,6,5,Opel,gasoline,Japan,101.0,9813
3.500000000000002,256.0,1742,11.2,7,5,Ford,gasoline,Germany,101.0,22030
3.300000000000002,234.0,1651,11.1,1,5,Seat,gasoline,Italy,101.0,22729
2.000000000000001,140.0,953,8.5,7,3,Opel,diesel,Italy,101.0,11905
2.4000000000000012,157.0,1199,9.0,10,5,Mercedes,diesel,Germany,101.0,12397
1.9000000000000008,,917,8.2,13,3,Fiat,gasoline,France,101.0,8293
1.8000000000000007,117.0,906,7.9,2,5,Mercedes,hybrid,France,101.0,12596
1.5000000000000004,104.0,737,7.3,4,3,Fiat,diesel,Sweden,101.0,8983
1.3000000000000003,83.0,637,6.8,12,3,Hyundai,hybrid,Germany,101.0,2950
1.7000000000000006,123.0,897,7.5,1,3,BMW,diesel,South Korea,101.0,13045
2.9000000000000017,211.0,1416,10.3,2,5,Mercedes,hybrid,Germany,101.0,21546
3.0000000000000018,195.0,1499,10.4,5,3,Seat,gasoline,France,101.0,17586
1.5000000000000004,99.0,768,7.4,8,3,Ford,diesel,Germany,101.0,6627
1.0,66.0,522,6.2,6,5,Renault,hybrid,Sweden,101.0,4416
1.4000000000000004,85.0,727,7.3,1,5,Toyota,diesel,Japan,101.0,10307
1.2000000000000002,96.0,585,6.9,3,3,Volvo,diesel,Sweden,101.0,9083
3.200000000000002,218.0,1623,10.5,11,5,Peugeot,gasoline,Spain,101.0,18070
1.5000000000000004,109.0,712,7.3,11,5,Peugeot,gasoline,Italy,101.0,5794
1.0,70.0,464,6.1,4,3,Peugeot,diesel,Czech Republic,101.0,6070
1.4000000000000004,108.0,747,6.9,10,3,Mercedes,diesel,South Korea,101.0,7135
2.100000000000001,154.0,1026,8.5,14,3,Ford,diesel,Germany,101.0,9999
2.7000000000000015,194.0,1365,9.4,2,5,Volkswagen,hybrid,Italy,101.0,19386
2.000000000000001,153.0,973,8.0,11,5,Peugeot,hybrid,Sweden,101.0,10837
2.5000000000000013,163.0,1210,9.1,1,3,Ford,hybrid,Italy,101.0,16503
2.4000000000000012,153.0,1206,8.9,3,5,Toyota,gasoline,Spain,101.0,15333
2.5000000000000013,170.0,1299,9.0,1,3,Mercedes,hybrid,Sweden,101.0,18462
2.4000000000000012,,1201,9.0,5,3,Audi,gasoline,Italy,101.0,15247
2.9000000000000017,197.0,1471,10.2,5,5,Volvo,diesel,Italy,101.0,18572
2.000000000000001,131.0,963,8.4,3,5,Kia,hybrid,Germany,101.0,12292
1.8000000000000007,123.0,919,7.9,12,5,Toyota,gasoline,Spain,101.0,7344
1.6000000000000005,100.0,783,7.2,15,5,Ford,diesel,Sweden,101.0,3611
1.8000000000000007,131.0,944,7.8,6,3,Seat,gasoline,Sweden,101.0,10988
1.3000000000000003,104.0,628,7.0,2,5,Skoda,gasoline,France,101.0,11432
3.300000000000002,231.0,1655,10.7,5,3,Skoda,hybrid,Czech Republic,101.0,21964
1.4000000000000004,86.0,728,6.9,14,3,Audi,hybrid,France,101.0,3931
2.4000000000000012,167.0,1182,9.0,15,3,Mercedes,diesel,South Korea,101.0,9484
2.000000000000001,143.0,1045,8.2,6,3,Seat,diesel,Czech Republic,101.0,13382
1.2000000000000002,76.0,630,6.7,11,3,Fiat,hybrid,Japan,101.0,3163
2.100000000000001,146.0,1084,8.2,14,3,Audi,hybrid,Germany,101.0,9077
2.9000000000000017,217.0,1410,9.9,7,5,Seat,diesel,France,101.0,19422
2.5000000000000013,161.0,1245,9.2,4,5,Opel,hybrid,South Korea,101.0,16199
3.0000000000000018,203.0,1509,10.2,6,5,Skoda,diesel,Japan,101.0,17310
3.100000000000002,231.0,1517,10.3,14,5,Fiat,hybrid,France,101.0,17071
1.9000000000000008,119.0,937,8.3,0,3,Opel,diesel,Spain,101.0,13246
2.4000000000000012,168.0,1154,9.2,0,3,Kia,hybrid,France,101.0,18767
3.0000000000000018,215.0,1455,10.1,8,3,Seat,diesel,France,101.0,18060
3.0000000000000018,200.0,1521,10.0,1,5,Seat,gasoline,Japan,101.0,20698
1.1,,531,6.6,10,5,Seat,hybrid,Italy,101.0,3088
3.0000000000000018,,1502,10.2,0,5,Kia,hybrid,Japan,101.0,20924
1.1,72.0,561,6.5,0,3,Volvo,diesel,Sweden,101.0,9413
3.100000000000002,212.0,1599,10.5,9,5,Volvo,diesel,Spain,101.0,17748
3.0000000000000018,199.0,1502,10.1,0,3,Toyota,gasoline,Germany,101.0,20683
3.0000000000000018,208.0,1462,10.3,15,5,Skoda,hybrid,France,101.0,14503
3.500000000000002,246.0,1746,11.3,5,5,Opel,hybrid,Sweden,101.0,22764
2.7000000000000015,178.0,1310,9.5,15,5,Opel,diesel,Italy,101.0,11720
1.8000000000000007,139.0,898,7.7,12,5,Toyota,gasoline,Germany,101.0,8713
1.1,84.0,591,6.2,6,3,Volkswagen,diesel,Germany,101.0,7122
1.1,78.0,519,,10,5,Toyota,gasoline,Japan,101.0,4623
1.8000000000000007,113.0,885,8.0,7,5,Ford,gasoline,Sweden,101.0,8665
1.3000000000000003,104.0,620,7.0,9,3,Mercedes,gasoline,South Korea,101.0,7771
1.0,65.0,513,6.2,3,3,Seat,hybrid,Spain,101.0,6390
1.6000000000000005,,756,7.5,8,5,Kia,hybrid,Sweden,101.0,9960
1.7000000000000006,129.0,890,7.8,1,5,Peugeot,diesel,Italy,101.0,12669
1.1,,581,6.3,2,3,Toyota,hybrid,Czech Republic,101.0,10199
2.4000000000000012,156.0,1156,8.8,11,5,Audi,hybrid,France,101.0,11269
2.9000000000000017,216.0,1448,10.2,0,3,Volvo,hybrid,Germany,101.0,21618
3.300000000000002,239.0,1618,10.7,13,5,Seat,diesel,Germany,101.0,17894
1.4000000000000004,104.0,674,6.9,14,3,Peugeot,hybrid,Italy,101.0,4909
1.5000000000000004,98.0,753,7.3,13,5,Volkswagen,hybrid,South Korea,101.0,4066
1.5000000000000004,108.0,730,7.4,0,5,Audi,gasoline,Japan,101.0,11727
1.6000000000000005,122.0,767,7.3,8,5,Seat,gasoline,South Korea,101.0,8554
2.6000000000000014,191.0,1340,9.6,11,3,Volkswagen,diesel,Japan,101.0,13408
2.000000000000001,136.0,993,8.1,15,5,Audi,gasoline,South Korea,101.0,7655
2.300000000000001,163.0,1116,8.8,12,3,Audi,diesel,France,101.0,10699
3.300000000000002,234.0,1652,10.9,11,3,Peugeot,diesel,France,101.0,18630
2.000000000000001,145.0,1030,8.1,8,5,Opel,gasoline,Spain,101.0,11759
3.200000000000002,224.0,1582,10.8,10,5,Volkswagen,gasoline,France,101.0,17226
2.000000000000001,134.0,964,8.1,7,3,Fiat,hybrid,South Korea,101.0,11670
3.100000000000002,230.0,1545,10.6,5,5,Audi,diesel,Czech Republic,101.0,21601
1.3000000000000003,78.0,616,6.6,14,3,Toyota,diesel,France,101.0,2627
2.100000000000001,158.0,1007,8.7,10,3,Opel,hybrid,Italy,101.0,12712
3.500000000000002,259.0,1753,11.4,15,3,Seat,hybrid,Sweden,101.0,19661
1.7000000000000006,114.0,812,7.7,6,3,Fiat,diesel,South Korea,101.0,10435
1.5000000000000004,104.0,702,7.0,4,3,Opel,gasoline,Germany,101.0,9364
2.9000000000000017,202.0,1419,10.1,11,3,Ford,gasoline,South Korea,101.0,16271
2.4000000000000012,176.0,1227,8.9,10,3,Toyota,diesel,Italy,101.0,13304
2.8000000000000016,193.0,1406,9.9,8,5,Kia,hybrid,Czech Republic,101.0,15809
2.100000000000001,151.0,1057,8.6,11,5,Renault,diesel,France,101.0,10394
2.200000000000001,162.0,1121,8.9,5,3,Volvo,diesel,Sweden,101.0,14848
1.1,74.0,592,6.6,7,5,Seat,gasoline,Sweden,101.0,5175
1.2000000000000002,78.0,605,6.9,11,3,Volkswagen,gasoline,Czech Republic,101.0,3365
3.300000000000002,238.0,1654,10.8,4,5,Fiat,hybrid,France,101.0,21747
3.200000000000002,223.0,1563,10.7,5,5,Peugeot,gasoline,Japan,101.0,19632
3.0000000000000018,204.0,1452,10.4,3,3,Kia,hybrid,South Korea,101.0,20090
3.0000000000000018,206.0,1527,,11,5,Hyundai,gasoline,Czech Republic,101.0,16798
3.300000000000002,244.0,1657,11.1,5,5,Ford,hybrid,Italy,101.0,21394
2.6000000000000014,184.0,1291,9.5,8,3,Fiat,diesel,France,101.0,14864
3.400000000000002,224.0,1693,11.2,15,3,Opel,hybrid,France,101.0,15450
1.8000000000000007,130.0,936,7.8,7,5,Audi,gasoline,Czech Republic,101.0,9788
2.7000000000000015,196.0,1344,9.5,2,3,Ford,diesel,Spain,101.0,18420
2.4000000000000012,161.0,1211,8.9,10,3,Peugeot,hybrid,Spain,101.0,12588
1.5000000000000004,115.0,706,7.2,11,5,Audi,gasoline,Japan,101.0,7569
1.7000000000000006,120.0,824,7.9,7,5,Opel,hybrid,Italy,101.0,10153
1.3000000000000003,78.0,648,6.8,11,5,Toyota,hybrid,Japan,101.0,3654
1.0,76.0,481,6.0,12,5,Audi,diesel,Japan,101.0,2762
2.300000000000001,158.0,1153,9.1,7,5,Kia,diesel,Spain,101.0,12749
2.000000000000001,150.0,976,8.0,15,5,Volkswagen,diesel,Germany,101.0,7994
2.000000000000001,146.0,963,8.0,2,5,Mercedes,hybrid,Czech Republic,101.0,14056
1.8000000000000007,133.0,895,8.0,5,3,Ford,hybrid,Italy,101.0,11086
1.4000000000000004,103.0,701,6.9,13,5,Ford,hybrid,South Korea,101.0,6063
1.0,71.0,455,6.3,4,5,Peugeot,gasoline,Sweden,101.0,6468
2.200000000000001,154.0,1056,8.8,4,5,Fiat,hybrid,Italy,101.0,15229
2.6000000000000014,182.0,1302,9.6,4,3,Skoda,gasoline,Germany,101.0,17767
1.9000000000000008,128.0,918,8.2,4,3,Mercedes,gasoline,Spain,101.0,11676
3.200000000000002,222.0,1584,10.5,15,5,Audi,diesel,Sweden,101.0,16454
2.7000000000000015,195.0,1328,9.6,15,3,Mercedes,gasoline,South Korea,101.0,12946
2.4000000000000012,161.0,1219,9.1,10,5,BMW,hybrid,South Korea,101.0,12875
2.9000000000000017,215.0,1471,9.8,4,3,Hyundai,hybrid,Japan,101.0,19613
2.000000000000001,128.0,964,8.5,11,3,Kia,hybrid,South Korea,101.0,8840
2.300000000000001,161.0,1125,8.7,12,5,BMW,gasoline,Czech Republic,101.0,11885
3.0000000000000018,220.0,1462,10.2,9,5,Volvo,diesel,Germany,101.0,18642
1.1,80.0,571,6.6,4,5,Audi,gasoline,Germany,101.0,7073
3.200000000000002,211.0,1583,10.8,12,3,Audi,diesel,France,101.0,16849
2.4000000000000012,,1188,9.3,11,5,Kia,diesel,Sweden,101.0,14284
1.8000000000000007,125.0,946,7.7,14,5,Volvo,diesel,Spain,101.0,7249
1.2000000000000002,97.0,600,6.5,1,5,Ford,hybrid,Japan,101.0,11332
2.100000000000001,136.0,1070,8.3,4,5,Mercedes,diesel,Sweden,101.0,12801
1.3000000000000003,89.0,679,6.8,9,5,Kia,diesel,Spain,101.0,5936
1.2000000000000002,77.0,586,6.8,13,5,Ford,diesel,Czech Republic,101.0,2698
2.000000000000001,135.0,989,8.1,10,5,Ford,hybrid,Germany,101.0,9392
2.4000000000000012,164.0,1188,8.9,1,5,BMW,diesel,South Korea,101.0,17748
3.0000000000000018,216.0,1518,10.1,2,5,Audi,diesel,Sweden,101.0,21417
3.500000000000002,230.0,1743,11.2,14,5,Ford,gasoline,Spain,101.0,15911
2.000000000000001,133.0,984,8.1,11,5,Volkswagen,hybrid,South Korea,101.0,9952
2.7000000000000015,176.0,1396,9.4,6,3,Kia,diesel,South Korea,101.0,15953
3.500000000000002,259.0,1769,11.5,9,5,Kia,diesel,Germany,101.0,22635
2.200000000000001,165.0,1142,8.8,15,5,Opel,gasoline,France,101.0,9714
1.0,69.0,537,6.1,5,5,Peugeot,hybrid,South Korea,101.0,5923
1.1,75.0,551,6.7,2,5,Skoda,gasoline,Czech Republic,101.0,9086
3.100000000000002,211.0,1591,10.4,6,3,Audi,gasoline,South Korea,101.0,18981
3.400000000000002,250.0,1737,11.1,12,3,Hyundai,hybrid,Germany,101.0,19670
3.300000000000002,222.0,1656,10.7,8,3,Volvo,gasoline,Japan,101.0,18924
1.8000000000000007,139.0,889,7.8,5,5,Renault,hybrid,Italy,101.0,12991
1.5000000000000004,93.0,726,7.1,10,5,Kia,hybrid,Czech Republic,101.0,5080
3.300000000000002,235.0,1692,11.1,12,5,Toyota,diesel,Spain,101.0,18971
2.300000000000001,172.0,1149,9.0,10,3,Ford,hybrid,Czech Republic,101.0,13959
2.000000000000001,153.0,952,8.2,13,5,Fiat,diesel,Germany,101.0,9609
3.400000000000002,241.0,1745,11.2,13,3,Kia,hybrid,Spain,101.0,17601
1.8000000000000007,123.0,864,7.9,12,5,Skoda,hybrid,Italy,101.0,7469
3.100000000000002,220.0,1583,10.6,13,5,Volvo,gasoline,Spain,101.0,16791
1.8000000000000007,122.0,866,7.6,0,3,Mercedes,gasoline,Japan,101.0,13129
3.400000000000002,251.0,1694,10.9,7,3,Kia,diesel,Japan,101.0,22277
3.0000000000000018,213.0,1480,10.4,6,5,Opel,diesel,South Korea,101.0,19239
1.2000000000000002,76.0,586,6.6,0,3,Ford,gasoline,Germany,101.0,9095
3.300000000000002,244.0,1646,10.8,1,5,BMW,diesel,Japan,101.0,25254
3.300000000000002,230.0,1667,10.8,2,5,Seat,diesel,Japan,101.0,23082
1.1,68.0,506,6.3,13,5,Volvo,hybrid,Germany,101.0,1931
2.6000000000000014,,1346,9.2,9,3,Peugeot,hybrid,Spain,101.0,15232
1.7000000000000006,109.0,877,7.8,5,5,Ford,diesel,Spain,101.0,9985
2.7000000000000015,177.0,1302,9.7,5,3,Skoda,hybrid,Spain,101.0,16149
3.400000000000002,251.0,1732,11.2,15,3,Ford,gasoline,Italy,101.0,17745
1.8000000000000007,134.0,929,8.1,2,3,Ford,hybrid,France,101.0,12618
1.8000000000000007,126.0,856,7.6,1,3,Kia,hybrid,Japan,101.0,12818
3.300000000000002,238.0,1653,10.8,3,3,Mercedes,diesel,Italy,101.0,22834
2.7000000000000015,197.0,1388,9.8,15,3,Peugeot,diesel,Germany,101.0,13440
1.8000000000000007,113.0,874,7.7,13,3,Seat,hybrid,Czech Republic,101.0,6366
2.7000000000000015,175.0,1390,9.4,5,3,Ford,gasoline,Czech Republic,101.0,15494
1.8000000000000007,120.0,893,8.0,10,3,Seat,diesel,Spain,101.0,8210
1.5000000000000004,101.0,712,,2,3,Mercedes,diesel,Germany,101.0,11078
3.0000000000000018,221.0,1457,10.4,9,3,Peugeot,hybrid,Spain,101.0,18652
1.6000000000000005,112.0,800,7.5,8,3,Peugeot,hybrid,Sweden,101.0,7791
1.6000000000000005,97.0,827,7.5,5,3,Mercedes,hybrid,Japan,101.0,9136
2.7000000000000015,200.0,1389,9.4,12,3,Volkswagen,gasoline,Czech Republic,101.0,15145
2.9000000000000017,192.0,1408,10.0,3,5,Ford,hybrid,Germany,101.0,18123
1.8000000000000007,120.0,926,7.7,14,3,Kia,hybrid,France,101.0,6962
1.0,61.0,460,6.5,14,3,Peugeot,diesel,Japan,101.0,90
3.500000000000002,244.0,1760,11.4,7,5,Peugeot,diesel,Spain,101.0,20707
1.5000000000000004,115.0,769,7.2,2,5,Hyundai,gasoline,Sweden,101.0,12606
2.200000000000001,152.0,1091,8.7,1,3,Renault,hybrid,Germany,101.0,15068
1.2000000000000002,96.0,575,6.5,1,3,Ford,diesel,France,101.0,9431
1.9000000000000008,143.0,992,8.2,0,5,Renault,hybrid,Japan,101.0,16123
3.0000000000000018,196.0,1520,10.0,2,3,BMW,gasoline,Germany,101.0,19309
1.3000000000000003,78.0,625,6.6,10,5,Kia,diesel,Spain,101.0,3626
2.100000000000001,140.0,1063,8.4,9,5,Mercedes,gasoline,France,101.0,11485
2.100000000000001,155.0,1015,8.3,2,3,Renault,gasoline,Sweden,101.0,14855
2.8000000000000016,198.0,1352,10.0,5,5,Toyota,diesel,Italy,101.0,19135
1.7000000000000006,121.0,823,7.5,3,3,Toyota,diesel,France,101.0,11239
1.8000000000000007,122.0,926,7.8,14,5,Volkswagen,diesel,Japan,101.0,7477
3.300000000000002,242.0,1610,10.6,12,3,Kia,diesel,Sweden,101.0,19401
1.3000000000000003,91.0,631,7.0,15,3,Peugeot,diesel,France,101.0,2995
2.8000000000000016,193.0,1367,9.7,9,3,Renault,hybrid,Spain,101.0,15231
2.300000000000001,161.0,1117,9.0,13,5,Fiat,diesel,Italy,101.0,10063
2.8000000000000016,193.0,1445,9.7,10,5,Fiat,diesel,Japan,101.0,15948
2.9000000000000017,190.0,1438,10.2,2,5,Ford,gasoline,Czech Republic,101.0,19125
3.200000000000002,238.0,1623,10.7,6,5,Hyundai,gasoline,Czech Republic,101.0,21368
2.300000000000001,154.0,1110,9.0,7,3,Volkswagen,hybrid,Germany,101.0,13513
1.2000000000000002,80.0,616,6.9,12,5,BMW,diesel,Czech Republic,101.0,2934
3.300000000000002,220.0,1685,10.8,11,3,Skoda,hybrid,Spain,101.0,17554
2.6000000000000014,,1279,9.5,2,5,Volvo,hybrid,Sweden,101.0,18084
3.100000000000002,226.0,1585,10.6,4,3,Kia,hybrid,Sweden,101.0,20520
1.3000000000000003,99.0,676,7.0,2,5,Renault,hybrid,Germany,101.0,11160
1.1,87.0,576,6.6,2,3,Volvo,hybrid,South Korea,101.0,8544
1.7000000000000006,,809,7.6,8,3,Volkswagen,diesel,Japan,101.0,8059
3.200000000000002,210.0,1605,10.6,6,3,BMW,hybrid,South Korea,101.0,19102
2.6000000000000014,181.0,1254,9.5,15,3,Ford,diesel,Germany,101.0,11228
3.400000000000002,246.0,1651,11.0,7,5,Volvo,diesel,Czech Republic,101.0,22161
2.300000000000001,160.0,1140,8.9,15,3,Mercedes,diesel,Germany,101.0,8628
2.6000000000000014,193.0,1264,9.2,14,5,Seat,hybrid,Germany,101.0,12563
1.5000000000000004,91.0,705,7.4,1,5,Skoda,hybrid,Czech Republic,101.0,9837
3.400000000000002,230.0,1690,,1,5,Mercedes,gasoline,France,101.0,22370
3.500000000000002,256.0,1795,11.3,2,5,Ford,gasoline,France,101.0,25709
3.100000000000002,216.0,1588,10.5,5,3,Ford,gasoline,Spain,101.0,20827
2.5000000000000013,182.0,1213,9.2,14,5,Volvo,gasoline,Italy,101.0,12330
1.2000000000000002,98.0,636,6.8,5,3,Audi,diesel,Italy,101.0,8873
1.9000000000000008,143.0,974,8.2,1,3,Fiat,hybrid,Czech Republic,101.0,14961
2.4000000000000012,155.0,1200,9.0,4,3,Hyundai,hybrid,France,101.0,15766
3.100000000000002,203.0,1525,10.6,15,5,Fiat,diesel,Japan,101.0,12841
3.0000000000000018,199.0,1467,10.2,9,3,Fiat,hybrid,Czech Republic,101.0,16901
2.5000000000000013,177.0,1266,9.4,8,5,Fiat,hybrid,South Korea,101.0,14688
1.2000000000000002,91.0,561,6.5,12,5,Kia,diesel,Czech Republic,101.0,5053
2.5000000000000013,175.0,1257,9.3,12,5,Volvo,diesel,Spain,101.0,13183
3.300000000000002,227.0,1681,10.9,6,5,Peugeot,hybrid,South Korea,101.0,21287
2.5000000000000013,177.0,1260,9.1,2,5,Skoda,gasoline,Italy,101.0,17656
2.8000000000000016,209.0,1431,9.9,4,5,Ford,gasoline,Japan,101.0,19618
1.4000000000000004,101.0,693,7.0,11,5,Skoda,diesel,France,101.0,6572
2.8000000000000016,182.0,1441,10.1,0,5,BMW,diesel,Italy,101.0,18773
3.500000000000002,244.0,1795,11.2,6,5,Renault,gasoline,Italy,101.0,22823
1.2000000000000002,93.0,589,6.9,11,5,Peugeot,diesel,South Korea,101.0,4784
3.300000000000002,220.0,1608,10.6,5,3,Audi,hybrid,Czech Republic,101.0,21333
1.2000000000000002,70.0,631,6.4,2,5,Hyundai,diesel,South Korea,101.0,7146
1.0,61.0,523,6.0,11,3,Volvo,gasoline,Czech Republic,101.0,3333
3.400000000000002,238.0,1668,11.2,15,5,Peugeot,hybrid,Germany,101.0,17740
2.300000000000001,169.0,1191,8.8,2,3,Volvo,gasoline,Japan,101.0,16431
1.1,73.0,522,6.6,0,3,Kia,hybrid,Sweden,101.0,9467
3.300000000000002,224.0,1688,11.1,14,3,Volvo,diesel,Japan,101.0,16948
1.5000000000000004,111.0,791,7.1,10,5,Volkswagen,hybrid,Germany,101.0,6500
3.400000000000002,242.0,1655,,2,3,BMW,gasoline,Czech Republic,101.0,23934
3.400000000000002,248.0,1660,10.9,9,5,Peugeot,diesel,Sweden,101.0,21637
1.6000000000000005,101.0,758,7.3,0,5,Mercedes,hybrid,Spain,101.0,10917
3.500000000000002,241.0,1710,11.3,10,3,Kia,hybrid,France,101.0,19587
3.400000000000002,234.0,1707,11.1,15,3,Peugeot,diesel,France,101.0,16424
2.000000000000001,153.0,1047,8.3,9,3,Volkswagen,hybrid,Sweden,101.0,11436
2.4000000000000012,167.0,1236,9.2,6,5,Skoda,gasoline,Germany,101.0,14639
2.200000000000001,165.0,1094,8.5,12,5,Opel,hybrid,Czech Republic,101.0,10400
2.4000000000000012,174.0,1180,8.8,12,5,Renault,gasoline,Spain,101.0,12835
2.7000000000000015,,1372,,6,3,Skoda,gasoline,Spain,101.0,17465
1.6000000000000005,124.0,767,7.3,4,3,Seat,diesel,Spain,101.0,11703
2.100000000000001,157.0,1025,8.4,5,3,Seat,hybrid,Spain,101.0,14565
2.200000000000001,166.0,1132,8.9,9,3,Ford,diesel,Japan,101.0,12266
1.8000000000000007,129.0,874,7.7,5,5,Volvo,gasoline,France,101.0,11724
3.500000000000002,253.0,1777,11.1,15,3,Audi,diesel,France,101.0,18900
2.8000000000000016,198.0,1358,9.6,13,3,Kia,diesel,Japan,101.0,15096
1.5000000000000004,104.0,798,7.3,8,5,Opel,diesel,Sweden,101.0,8801
2.8000000000000016,207.0,1379,9.9,2,5,Volkswagen,gasoline,Czech Republic,101.0,20276
3.200000000000002,216.0,1576,10.6,11,3,BMW,diesel,Japan,101.0,16771
2.4000000000000012,174.0,1202,9.1,8,3,Opel,gasoline,South Korea,101.0,14883
3.0000000000000018,218.0,1450,10.5,2,3,Seat,hybrid,Spain,101.0,22180
2.9000000000000017,197.0,1480,10.1,6,3,Kia,diesel,Sweden,101.0,18530
2.7000000000000015,186.0,1319,9.5,14,5,BMW,hybrid,Italy,101.0,12431
2.8000000000000016,192.0,1375,9.7,15,5,Fiat,diesel,Spain,101.0,12855
1.7000000000000006,106.0,889,7.5,13,5,Seat,gasoline,Czech Republic,101.0,5978
2.5000000000000013,184.0,1224,9.0,5,3,Skoda,hybrid,Sweden,101.0,16800
1.8000000000000007,115.0,864,8.1,13,5,Hyundai,hybrid,Sweden,101.0,6942
1.2000000000000002,90.0,559,6.7,14,5,Peugeot,gasoline,France,101.0,2476
1.8000000000000007,133.0,862,,15,3,Volkswagen,hybrid,Spain,101.0,5972
3.500000000000002,247.0,1761,11.2,3,5,Renault,gasoline,France,101.0,23871
3.100000000000002,229.0,1572,10.3,6,5,BMW,gasoline,Italy,101.0,21079
2.5000000000000013,164.0,1243,9.4,4,3,Audi,diesel,South Korea,101.0,15006
3.300000000000002,227.0,1610,10.8,13,3,Peugeot,diesel,Spain,101.0,17737
1.4000000000000004,96.0,734,7.2,3,5,Volvo,gasoline,Czech Republic,101.0,8630
3.400000000000002,225.0,1728,11.1,0,5,Opel,hybrid,South Korea,101.0,22918
3.300000000000002,231.0,1617,10.9,4,5,Renault,gasoline,Czech Republic,101.0,21601
1.6000000000000005,120.0,760,7.5,6,3,Toyota,diesel,France,101.0,11134
1.7000000000000006,130.0,819,7.6,0,5,Seat,hybrid,Italy,101.0,13212
3.0000000000000018,222.0,1536,10.2,7,3,Hyundai,hybrid,Italy,101.0,18441
2.5000000000000013,177.0,1244,9.4,3,5,Audi,gasoline,South Korea,101.0,16745
1.1,90.0,548,,0,5,Renault,gasoline,South Korea,101.0,10966
2.6000000000000014,,1330,9.6,8,3,Mercedes,diesel,Czech Republic,101.0,15415
1.8000000000000007,117.0,914,8.0,13,5,Hyundai,diesel,France,101.0,6842
1.4000000000000004,85.0,682,,13,3,Fiat,hybrid,Sweden,101.0,3336
3.300000000000002,231.0,1606,10.7,5,5,Volkswagen,gasoline,Spain,101.0,21318
2.4000000000000012,163.0,1156,8.9,1,3,Volvo,hybrid,Japan,101.0,17060
1.1,70.0,513,6.5,12,3,BMW,hybrid,Germany,101.0,2634
1.9000000000000008,142.0,969,7.9,11,5,Renault,hybrid,France,101.0,10087
1.0,82.0,457,6.2,3,3,Fiat,hybrid,France,101.0,7709
1.5000000000000004,115.0,747,7.4,1,3,Volvo,hybrid,Germany,101.0,12959
1.5000000000000004,118.0,750,7.3,12,3,Fiat,hybrid,Japan,101.0,7294
1.0,78.0,482,6.5,15,3,Seat,gasoline,South Korea,101.0,1883
3.300000000000002,238.0,1674,11.1,11,3,Fiat,diesel,Sweden,101.0,18955
3.100000000000002,204.0,1531,10.4,9,3,Peugeot,diesel,Japan,101.0,16056
2.8000000000000016,202.0,1405,9.8,15,5,Seat,gasoline,France,101.0,13130
2.100000000000001,157.0,1003,8.6,2,5,Opel,hybrid,Italy,101.0,16385
1.2000000000000002,76.0,643,6.8,11,3,Renault,gasoline,Czech Republic,101.0,3316
2.100000000000001,133.0,1054,8.6,15,5,Fiat,gasoline,Sweden,101.0,8032
3.100000000000002,202.0,1587,10.7,13,5,Ford,gasoline,Japan,101.0,14626
1.7000000000000006,106.0,847,7.8,6,5,Toyota,diesel,Czech Republic,101.0,10125
2.300000000000001,152.0,1193,8.8,13,3,Peugeot,gasoline,Germany,101.0,10396
3.0000000000000018,217.0,1511,10.3,15,5,Audi,diesel,South Korea,101.0,14772
3.0000000000000018,223.0,1457,10.4,5,3,Volkswagen,gasoline,Japan,101.0,20904
3.500000000000002,257.0,1772,11.1,5,3,Hyundai,hybrid,Spain,101.0,24328
3.300000000000002,239.0,1604,10.8,11,3,Kia,hybrid,Germany,101.0,18894
2.8000000000000016,198.0,1421,9.7,8,5,Toyota,hybrid,Japan,101.0,17149
1.7000000000000006,,889,7.7,14,3,Ford,diesel,Italy,101.0,7598
3.400000000000002,230.0,1732,11.2,10,3,Fiat,diesel,Japan,101.0,19514
2.6000000000000014,193.0,1316,9.5,12,5,Seat,gasoline,France,101.0,13164
1.5000000000000004,113.0,716,7.4,6,5,Toyota,hybrid,Germany,101.0,10048
1.1,77.0,598,,2,3,Toyota,gasoline,Japan,101.0,7426
3.100000000000002,215.0,1549,10.6,10,5,Kia,hybrid,France,101.0,16689
1.4000000000000004,89.0,660,7.2,5,3,Skoda,diesel,Czech Republic,101.0,8732
1.3000000000000003,94.0,638,6.6,6,3,Ford,hybrid,Spain,101.0,7785
2.9000000000000017,195.0,1456,9.9,15,5,Opel,gasoline,Czech Republic,101.0,13550
3.500000000000002,246.0,1766,11.4,12,3,Volkswagen,diesel,Germany,101.0,18329
1.1,62.0,582,6.2,5,3,Audi,diesel,Czech Republic,101.0,6521
1.0,73.0,502,6.3,15,3,Fiat,gasoline,France,101.0,1722
3.200000000000002,225.0,1643,10.6,6,3,Ford,hybrid,Germany,101.0,20601
1.5000000000000004,92.0,771,7.4,13,5,Skoda,gasoline,South Korea,101.0,3969
3.500000000000002,232.0,1726,,12,5,Ford,hybrid,Spain,101.0,18131
2.8000000000000016,206.0,1434,10.1,4,5,Opel,hybrid,Sweden,101.0,19984
3.500000000000002,230.0,1729,11.4,12,5,BMW,diesel,France,101.0,17672
3.0000000000000018,216.0,1538,10.4,13,5,Ford,gasoline,Italy,101.0,15062
1.7000000000000006,114.0,885,7.8,1,5,Opel,gasoline,Sweden,101.0,12484
2.300000000000001,150.0,1171,8.8,11,3,Skoda,hybrid,Italy,101.0,11615
3.0000000000000018,216.0,1520,10.4,9,3,Renault,gasoline,Czech Republic,101.0,16885
2.300000000000001,,1172,9.1,9,5,Volkswagen,gasoline,Germany,101.0,13246
3.0000000000000018,220.0,1503,10.2,14,5,Ford,hybrid,Italy,101.0,16241
2.000000000000001,140.0,1045,8.3,0,3,Fiat,diesel,France,101.0,15370
3.400000000000002,244.0,1717,11.0,8,5,Audi,gasoline,Spain,101.0,20998
3.100000000000002,220.0,1543,10.5,12,5,Opel,gasoline,Italy,101.0,16254
3.0000000000000018,195.0,1461,10.4,6,5,Peugeot,hybrid,Spain,101.0,17245
2.300000000000001,152.0,1138,9.0,12,5,Seat,hybrid,Italy,101.0,9861
2.5000000000000013,167.0,1210,9.0,8,3,Hyundai,gasoline,Japan,101.0,13705
2.4000000000000012,157.0,1226,9.1,5,3,Hyundai,gasoline,France,101.0,15184
2.200000000000001,140.0,1098,8.4,14,5,Ford,hybrid,Japan,101.0,9189
3.400000000000002,240.0,1705,10.9,12,3,Peugeot,diesel,Japan,101.0,18314
1.0,77.0,473,6.0,0,5,Volvo,hybrid,Czech Republic,101.0,8944
1.7000000000000006,114.0,818,7.8,5,5,Ford,gasoline,Sweden,101.0,10006
1.4000000000000004,86.0,694,7.1,12,5,Seat,gasoline,Czech Republic,101.0,3517
1.0,69.0,533,6.3,13,3,Kia,gasoline,Spain,101.0,1249
2.200000000000001,163.0,1147,8.6,11,5,Skoda,hybrid,Spain,101.0,11294
3.300000000000002,226.0,1659,11.1,8,5,Volvo,diesel,Czech Republic,101.0,19992
3.400000000000002,246.0,1664,11.0,0,3,Kia,gasoline,Spain,101.0,24805
2.4000000000000012,166.0,1209,9.1,6,5,Skoda,diesel,France,101.0,14086
2.300000000000001,166.0,1150,8.8,10,5,Opel,diesel,Italy,101.0,12288
2.4000000000000012,161.0,1244,9.1,10,5,Ford,hybrid,Spain,101.0,12931
3.100000000000002,214.0,1535,10.4,15,5,Renault,hybrid,Japan,101.0,15313
2.4000000000000012,160.0,1200,9.0,8,3,Volkswagen,hybrid,Japan,101.0,13474
3.100000000000002,217.0,1558,10.3,0,3,Volvo,diesel,Italy,101.0,23014
1.0,56.0,486,6.4,5,3,Mercedes,hybrid,Italy,101.0,4104
3.0000000000000018,212.0,1482,10.3,6,3,Peugeot,gasoline,Italy,101.0,19641
3.0000000000000018,209.0,1542,10.2,2,5,Mercedes,diesel,Czech Republic,101.0,21054
3.400000000000002,,1724,10.9,3,5,Seat,gasoline,Czech Republic,101.0,24837
1.3000000000000003,78.0,651,6.8,8,5,Skoda,diesel,Czech Republic,101.0,4791
2.9000000000000017,209.0,1484,9.9,2,5,Volkswagen,hybrid,Czech Republic,101.0,19901
2.300000000000001,157.0,1187,9.1,11,3,Volvo,gasoline,Germany,101.0,11720
2.7000000000000015,193.0,1304,9.7,1,3,Ford,hybrid,Germany,101.0,18831
1.9000000000000008,134.0,946,8.1,14,5,Kia,diesel,Germany,101.0,7552
3.200000000000002,210.0,1587,10.8,12,5,Opel,gasoline,France,101.0,15821
3.100000000000002,227.0,1579,10.4,5,3,Hyundai,diesel,Italy,101.0,21384
3.400000000000002,230.0,1675,11.0,10,5,Skoda,hybrid,Germany,101.0,17808
3.500000000000002,236.0,1731,11.4,13,3,Skoda,diesel,Spain,101.0,17896
2.7000000000000015,184.0,1379,9.7,1,5,BMW,gasoline,Germany,101.0,19045
2.5000000000000013,162.0,1257,9.3,10,5,Opel,diesel,Sweden,101.0,12126
3.300000000000002,,1636,,15,3,Ford,gasoline,Italy,101.0,16972
1.8000000000000007,127.0,901,7.9,6,3,Volkswagen,diesel,Spain,101.0,11347
2.100000000000001,135.0,1090,8.5,11,3,Fiat,gasoline,Czech Republic,101.0,8746
1.1,89.0,593,6.6,1,3,Volkswagen,gasoline,Germany,101.0,8758
2.9000000000000017,204.0,1410,10.2,8,3,Fiat,gasoline,Japan,101.0,17867
2.8000000000000016,204.0,1368,9.8,1,5,Kia,hybrid,South Korea,101.0,21091
3.500000000000002,256.0,1798,11.3,0,5,Volkswagen,diesel,Spain,101.0,25658
2.6000000000000014,192.0,1289,9.7,2,3,Volkswagen,diesel,Sweden,101.0,19674
1.8000000000000007,120.0,889,7.6,3,5,Mercedes,hybrid,Czech Republic,101.0,11858
1.9000000000000008,144.0,987,7.9,3,5,Opel,diesel,South Korea,101.0,13166
2.100000000000001,145.0,1083,8.5,0,5,Skoda,diesel,Spain,101.0,16384
3.400000000000002,237.0,1744,11.0,7,5,Mercedes,gasoline,South Korea,101.0,21061
3.400000000000002,234.0,1742,11.2,15,3,BMW,diesel,Italy,101.0,15816
1.2000000000000002,70.0,552,6.7,13,5,Peugeot,diesel,Spain,101.0,1511
1.6000000000000005,106.0,754,7.6,0,3,Kia,gasoline,Italy,101.0,12254
2.5000000000000013,174.0,1204,9.4,15,3,Hyundai,gasoline,Czech Republic,101.0,10943
2.4000000000000012,158.0,1216,9.3,3,3,Peugeot,hybrid,Sweden,101.0,15257
1.9000000000000008,135.0,952,8.1,11,5,Kia,diesel,Sweden,101.0,9625
1.1,78.0,541,6.6,8,5,Hyundai,hybrid,Germany,101.0,5723
3.400000000000002,232.0,1652,11.1,10,5,Audi,hybrid,Japan,101.0,18542
1.7000000000000006,125.0,863,7.7,12,3,Peugeot,diesel,France,101.0,7706
2.9000000000000017,217.0,1442,10.3,10,3,Opel,gasoline,Czech Republic,101.0,17645
1.3000000000000003,102.0,691,6.9,2,5,Renault,gasoline,Italy,101.0,9642
1.7000000000000006,132.0,849,7.6,15,5,Hyundai,hybrid,Italy,101.0,6757
3.200000000000002,213.0,1571,10.6,3,5,Peugeot,hybrid,Japan,101.0,20527
3.400000000000002,248.0,1655,10.8,8,5,Renault,hybrid,Italy,101.0,21066
2.100000000000001,146.0,1070,8.5,0,3,Kia,diesel,South Korea,101.0,16714
3.100000000000002,203.0,1595,10.2,11,5,Peugeot,diesel,France,101.0,16219
2.7000000000000015,200.0,1316,9.8,12,3,Ford,gasoline,Czech Republic,101.0,14152
2.6000000000000014,186.0,1330,9.2,6,5,Mercedes,gasoline,Spain,101.0,16243
2.100000000000001,139.0,1050,8.6,0,5,Seat,hybrid,Germany,101.0,15246
1.6000000000000005,97.0,755,7.4,14,3,Seat,hybrid,Japan,101.0,5020
2.300000000000001,171.0,1136,8.8,9,3,Fiat,diesel,Germany,101.0,14110
1.5000000000000004,114.0,777,7.4,12,5,Toyota,diesel,Italy,101.0,6136
3.100000000000002,227.0,1586,10.6,10,3,Toyota,diesel,South Korea,101.0,18829
2.5000000000000013,,1271,9.1,6,3,Fiat,hybrid,Spain,101.0,14992
1.5000000000000004,90.0,776,7.3,11,3,Ford,hybrid,Sweden,101.0,5431
1.7000000000000006,120.0,830,7.7,9,3,Volvo,hybrid,Czech Republic,101.0,8825
1.9000000000000008,144.0,905,8.3,3,3,Mercedes,hybrid,Italy,101.0,14881
2.100000000000001,159.0,1040,8.3,15,5,Volkswagen,gasoline,Czech Republic,101.0,8737
3.500000000000002,248.0,1710,11.4,13,5,Skoda,gasoline,Italy,101.0,19835
2.000000000000001,128.0,980,,0,5,Ford,diesel,Spain,101.0,14340
2.7000000000000015,183.0,1379,9.8,12,5,Fiat,gasoline,Sweden,101.0,14281
2.6000000000000014,186.0,1263,9.7,5,3,Skoda,hybrid,France,101.0,17191
2.8000000000000016,182.0,1394,9.7,1,5,BMW,gasoline,France,101.0,18514
1.9000000000000008,138.0,939,8.2,10,3,Audi,hybrid,Sweden,101.0,10535
2.8000000000000016,189.0,1422,9.6,7,3,Seat,diesel,Sweden,101.0,15905
1.9000000000000008,140.0,928,7.9,2,5,Ford,gasoline,France,101.0,13186
2.300000000000001,146.0,1197,8.9,1,3,BMW,gasoline,France,101.0,15142
2.8000000000000016,205.0,1384,9.8,12,5,Opel,hybrid,South Korea,101.0,15212
3.100000000000002,221.0,1558,10.6,4,3,Peugeot,hybrid,Japan,101.0,20051
2.000000000000001,128.0,999,8.1,14,5,Hyundai,hybrid,South Korea,101.0,7355
1.3000000000000003,88.0,611,6.9,12,5,Ford,diesel,Japan,101.0,5216
3.300000000000002,239.0,1608,10.7,10,3,Kia,hybrid,Germany,101.0,20165
1.4000000000000004,88.0,715,6.8,11,5,Kia,hybrid,Sweden,101.0,5757
2.6000000000000014,192.0,1273,9.3,14,3,Kia,hybrid,Italy,101.0,12095
2.6000000000000014,167.0,1288,9.6,4,3,Audi,diesel,Japan,101.0,16721
3.500000000000002,243.0,1719,,3,5,BMW,diesel,Italy,101.0,23794
1.3000000000000003,87.0,647,6.8,13,5,Fiat,diesel,Italy,101.0,3584
1.1,74.0,555,6.5,10,5,Skoda,diesel,Italy,101.0,3084
2.4000000000000012,154.0,1228,8.8,10,3,Audi,diesel,Germany,101.0,11159
3.400000000000002,230.0,1674,10.9,4,3,Audi,gasoline,South Korea,101.0,21242
2.200000000000001,155.0,1098,8.5,4,3,Volvo,hybrid,Italy,101.0,15553
1.2000000000000002,88.0,564,6.5,0,5,BMW,gasoline,France,101.0,9278
3.0000000000000018,210.0,1508,10.2,3,5,Fiat,diesel,Italy,101.0,21072
2.100000000000001,161.0,1043,8.5,1,5,Hyundai,gasoline,Germany,101.0,16387
1.4000000000000004,93.0,686,7.2,3,5,Hyundai,gasoline,Italy,101.0,10187
1.2000000000000002,86.0,591,6.8,8,5,Fiat,diesel,Japan,101.0,5388
3.400000000000002,228.0,1727,11.2,6,3,Volkswagen,diesel,Sweden,101.0,19760
1.4000000000000004,110.0,697,7.0,5,3,Fiat,diesel,Spain,101.0,9088
1.0,56.0,461,6.1,11,5,Skoda,diesel,South Korea,101.0,1199
1.2000000000000002,94.0,643,6.5,5,3,Renault,hybrid,Japan,101.0,8325
3.500000000000002,238.0,1741,11.3,4,3,Mercedes,hybrid,Spain,101.0,22195
2.100000000000001,155.0,1047,8.3,2,3,Renault,gasoline,France,101.0,15659
3.100000000000002,211.0,1517,10.4,4,5,Toyota,diesel,Spain,101.0,20781
1.9000000000000008,137.0,912,8.0,6,5,Kia,gasoline,Germany,101.0,12458
3.300000000000002,219.0,1662,11.0,3,3,Skoda,diesel,Italy,101.0,21298
2.8000000000000016,196.0,1396,,10,5,Renault,gasoline,Spain,101.0,15159
2.4000000000000012,179.0,1208,9.0,7,3,Volkswagen,gasoline,Sweden,101.0,14869
2.100000000000001,155.0,1040,8.3,11,5,Seat,gasoline,Czech Republic,101.0,10263
2.8000000000000016,197.0,1364,10.0,5,5,Renault,diesel,Germany,101.0,17988
2.000000000000001,138.0,1005,8.1,4,3,Skoda,hybrid,South Korea,101.0,12154
2.7000000000000015,183.0,1358,9.8,12,3,BMW,gasoline,Germany,101.0,13743
3.0000000000000018,206.0,1464,10.4,6,3,Seat,hybrid,France,101.0,19062
1.4000000000000004,,707,6.9,13,3,Opel,diesel,Sweden,101.0,5002
1.1,68.0,571,6.5,4,5,Seat,gasoline,France,101.0,6931
1.6000000000000005,111.0,813,7.6,13,3,Volvo,gasoline,Italy,101.0,6048
1.5000000000000004,102.0,730,7.0,14,3,Audi,gasoline,France,101.0,5125
2.5000000000000013,179.0,1299,9.3,10,3,Mercedes,hybrid,Germany,101.0,14544
2.7000000000000015,186.0,1385,9.8,11,3,Volkswagen,hybrid,France,101.0,13345
3.500000000000002,236.0,1791,11.5,7,5,Kia,gasoline,Italy,101.0,20359
1.2000000000000002,74.0,590,6.5,13,5,Opel,hybrid,Spain,101.0,2259
3.0000000000000018,212.0,1480,10.4,7,3,Audi,diesel,Spain,101.0,18948
3.300000000000002,227.0,1602,10.9,10,3,Seat,diesel,Spain,101.0,18768
1.0,61.0,494,6.2,0,3,Skoda,hybrid,Italy,101.0,7237
3.400000000000002,227.0,1730,10.9,2,3,Mercedes,gasoline,Spain,101.0,23479
2.300000000000001,156.0,1144,9.1,10,3,Opel,hybrid,France,101.0,11861
1.4000000000000004,87.0,707,7.0,12,5,Fiat,hybrid,Japan,101.0,3973
3.400000000000002,240.0,1698,10.9,11,3,Seat,diesel,Czech Republic,101.0,19931
1.2000000000000002,74.0,631,6.5,4,3,Opel,hybrid,Spain,101.0,7947
2.100000000000001,137.0,1050,8.6,3,3,Mercedes,hybrid,Germany,101.0,13370
1.5000000000000004,103.0,781,7.3,5,5,Volkswagen,gasoline,Sweden,101.0,8330
2.000000000000001,147.0,1007,8.3,4,5,BMW,gasoline,South Korea,101.0,13697
1.1,63.0,595,6.4,7,5,Audi,diesel,Sweden,101.0,4742
1.1,77.0,516,6.5,9,5,Toyota,hybrid,Germany,101.0,4253
2.300000000000001,173.0,1156,8.9,3,5,Toyota,gasoline,Italy,101.0,16007
3.400000000000002,243.0,1729,10.8,12,3,Audi,hybrid,Italy,101.0,19345
2.000000000000001,136.0,957,8.3,12,3,Fiat,hybrid,South Korea,101.0,9672
1.1,85.0,513,6.6,4,3,Seat,gasoline,Sweden,101.0,8377
1.8000000000000007,128.0,879,7.6,3,3,Renault,hybrid,South Korea,101.0,13090
3.300000000000002,225.0,1691,10.6,13,5,Renault,diesel,France,101.0,16174
2.9000000000000017,202.0,1457,10.1,12,5,Toyota,hybrid,Italy,101.0,14715
3.500000000000002,230.0,1706,11.2,6,3,Hyundai,gasoline,Sweden,101.0,21658
2.5000000000000013,187.0,1231,9.5,13,5,Seat,hybrid,Spain,101.0,12624
2.200000000000001,143.0,1140,8.9,12,3,BMW,diesel,South Korea,101.0,9870
1.8000000000000007,125.0,924,,4,5,Renault,gasoline,Sweden,101.0,12637
2.9000000000000017,206.0,1409,9.9,15,5,Kia,diesel,South Korea,101.0,14204
3.400000000000002,227.0,1707,,12,5,Fiat,gasoline,Italy,101.0,17363
1.4000000000000004,101.0,702,7.0,12,3,Skoda,hybrid,Italy,101.0,5444
2.6000000000000014,188.0,1270,9.4,14,3,Opel,hybrid,Germany,101.0,12458
1.5000000000000004,105.0,744,7.0,11,3,Toyota,hybrid,South Korea,101.0,7326
3.500000000000002,248.0,1798,11.2,3,5,Skoda,diesel,Japan,101.0,23019
2.7000000000000015,182.0,1366,9.8,9,5,Renault,hybrid,Italy,101.0,14501
2.200000000000001,153.0,1130,8.9,15,5,Skoda,gasoline,Sweden,101.0,8381
3.0000000000000018,206.0,1480,10.3,13,3,Volvo,hybrid,South Korea,101.0,15554
3.100000000000002,,1529,10.5,8,3,BMW,hybrid,Sweden,101.0,18170
3.500000000000002,255.0,1787,11.1,8,3,Volvo,hybrid,Germany,101.0,22623
1.7000000000000006,115.0,871,7.4,2,5,BMW,hybrid,Japan,101.0,11819
2.300000000000001,147.0,1112,8.6,1,5,Volkswagen,hybrid,South Korea,101.0,16162
2.5000000000000013,177.0,1257,,0,3,Opel,hybrid,Spain,101.0,18875
3.400000000000002,,1704,10.9,3,3,Audi,hybrid,Germany,101.0,23467
1.0,76.0,459,6.1,0,3,Peugeot,diesel,Japan,101.0,9751
3.300000000000002,244.0,1672,10.7,9,5,BMW,gasoline,South Korea,101.0,20653
3.0000000000000018,212.0,1537,10.3,1,3,Renault,diesel,France,101.0,20510
1.3000000000000003,83.0,644,7.0,10,5,Volkswagen,hybrid,Spain,101.0,5765
3.500000000000002,234.0,1763,11.2,0,3,Peugeot,hybrid,Sweden,101.0,23521
1.0,79.0,500,,4,5,Renault,hybrid,South Korea,101.0,7782
2.8000000000000016,204.0,1372,9.7,13,3,Fiat,hybrid,France,101.0,14100
2.4000000000000012,,1245,9.0,15,5,Toyota,hybrid,Italy,101.0,10550
3.200000000000002,223.0,1590,10.6,3,5,Volkswagen,gasoline,France,101.0,21251
1.6000000000000005,120.0,760,7.3,8,5,Hyundai,diesel,France,101.0,10188
2.7000000000000015,181.0,1397,9.7,14,3,Peugeot,diesel,Spain,101.0,12159
2.8000000000000016,190.0,1389,9.9,10,5,Peugeot,diesel,Czech Republic,101.0,15415
1.0,60.0,450,6.2,0,5,Kia,diesel,South Korea,101.0,8567
1.1,66.0,565,6.7,13,5,Ford,gasoline,Germany,101.0,2045
2.100000000000001,,1081,8.4,10,5,Peugeot,diesel,Japan,101.0,8715
3.200000000000002,237.0,1576,10.5,14,5,Fiat,gasoline,Germany,101.0,17854
2.000000000000001,135.0,1004,8.4,3,3,Peugeot,hybrid,Japan,101.0,12996
1.4000000000000004,96.0,700,7.0,11,5,Volkswagen,diesel,France,101.0,5746
2.100000000000001,150.0,1055,8.3,2,3,Hyundai,diesel,South Korea,101.0,14106
2.5000000000000013,164.0,1232,9.4,6,3,Mercedes,gasoline,Spain,101.0,14568
3.100000000000002,220.0,1532,10.3,13,3,Volkswagen,gasoline,Spain,101.0,15908
1.3000000000000003,79.0,642,6.6,6,5,Toyota,diesel,Japan,101.0,6196
3.200000000000002,221.0,1625,10.7,3,5,Seat,gasoline,Germany,101.0,21213
3.100000000000002,208.0,1510,10.4,5,5,Fiat,diesel,France,101.0,19552
2.200000000000001,149.0,1057,8.7,0,5,Toyota,gasoline,France,101.0,16905
1.2000000000000002,70.0,555,6.7,14,5,Renault,hybrid,France,101.0,1837
3.500000000000002,253.0,1794,,11,5,Kia,hybrid,Sweden,101.0,20496
2.7000000000000015,177.0,1339,9.9,9,5,Seat,diesel,Spain,101.0,15305
1.7000000000000006,120.0,876,,15,5,Volvo,hybrid,Spain,101.0,5482
1.0,58.0,474,6.2,0,3,Peugeot,gasoline,Czech Republic,101.0,8313
2.4000000000000012,153.0,1191,9.3,0,5,Hyundai,hybrid,France,101.0,16526
1.6000000000000005,113.0,768,7.5,1,3,Kia,hybrid,Czech Republic,101.0,12859
1.0,59.0,531,6.2,15,5,Mercedes,hybrid,Spain,101.0,473
1.3000000000000003,105.0,642,6.8,15,3,Fiat,hybrid,Sweden,101.0,3958
1.5000000000000004,103.0,722,7.4,1,5,Renault,gasoline,Spain,101.0,11678
1.4000000000000004,88.0,659,6.9,7,5,Peugeot,hybrid,Germany,101.0,7377
1.0,67.0,509,6.3,15,5,Peugeot,hybrid,Spain,101.0,96
1.1,,592,6.7,8,3,Seat,hybrid,Sweden,101.0,5135
1.1,91.0,593,6.3,0,3,Seat,hybrid,Czech Republic,101.0,10909
2.4000000000000012,156.0,1150,9.1,8,5,Hyundai,gasoline,Czech Republic,101.0,13470
1.5000000000000004,114.0,787,7.3,0,5,Toyota,diesel,South Korea,101.0,12630
1.3000000000000003,98.0,622,6.9,3,3,Opel,hybrid,Czech Republic,101.0,8673
2.000000000000001,126.0,1011,8.2,7,5,BMW,diesel,South Korea,101.0,9811
1.4000000000000004,110.0,703,7.0,1,3,Renault,gasoline,Sweden,101.0,10746
2.4000000000000012,179.0,1209,9.0,12,5,Volkswagen,gasoline,Germany,101.0,12504
2.7000000000000015,201.0,1380,9.4,14,5,Renault,hybrid,France,101.0,13396
2.200000000000001,,1101,8.7,5,5,Kia,hybrid,Germany,101.0,13469
2.300000000000001,168.0,1193,8.8,11,5,Ford,hybrid,Japan,101.0,12857
1.7000000000000006,115.0,892,7.7,6,5,BMW,hybrid,Czech Republic,101.0,9831
3.200000000000002,212.0,1602,10.8,14,5,Audi,gasoline,Japan,101.0,15594
2.100000000000001,154.0,1040,8.6,8,5,Kia,gasoline,Spain,101.0,12507
1.0,69.0,540,6.2,8,3,Skoda,gasoline,Spain,101.0,4832
2.6000000000000014,173.0,1345,9.6,0,3,Hyundai,hybrid,Czech Republic,101.0,18190
3.200000000000002,,1635,10.8,1,3,Kia,gasoline,Italy,101.0,23242
3.100000000000002,218.0,1556,10.4,11,3,Seat,diesel,Spain,101.0,16770
1.9000000000000008,141.0,940,8.0,10,5,Mercedes,diesel,Spain,101.0,11038
2.100000000000001,148.0,1009,8.5,7,3,Mercedes,diesel,Italy,101.0,13048
3.400000000000002,228.0,1693,11.0,6,5,Toyota,hybrid,Italy,101.0,20152
3.300000000000002,228.0,1655,11.1,10,5,Mercedes,diesel,Spain,101.0,18752
2.300000000000001,152.0,1179,9.0,7,5,Hyundai,gasoline,Czech Republic,101.0,13930
1.3000000000000003,84.0,621,6.9,2,5,Opel,hybrid,Japan,101.0,9864
1.7000000000000006,,842,7.7,5,3,Ford,gasoline,Spain,101.0,8705
1.3000000000000003,105.0,628,7.1,2,5,Opel,gasoline,Germany,101.0,10583
1.3000000000000003,,632,7.1,3,3,Audi,hybrid,France,101.0,10568
3.200000000000002,216.0,1602,10.7,7,5,Opel,gasoline,Italy,101.0,19570
2.4000000000000012,178.0,1215,8.8,14,5,Renault,diesel,Italy,101.0,11299
1.1,86.0,597,6.4,1,3,Kia,gasoline,Sweden,101.0,8667
2.4000000000000012,168.0,1231,8.9,4,5,Seat,gasoline,South Korea,101.0,15439
2.000000000000001,134.0,1046,8.3,11,3,Audi,diesel,Japan,101.0,9703
3.200000000000002,219.0,1570,10.7,6,5,Fiat,hybrid,Germany,101.0,19363
2.300000000000001,151.0,1174,8.8,14,3,Seat,diesel,Czech Republic,101.0,8986
1.4000000000000004,85.0,713,6.9,13,3,Opel,gasoline,Spain,101.0,4077
1.4000000000000004,87.0,696,7.3,11,3,Fiat,hybrid,Sweden,101.0,4422
1.3000000000000003,101.0,685,6.8,13,5,Seat,hybrid,Japan,101.0,4035
1.8000000000000007,111.0,853,7.8,12,3,BMW,diesel,Sweden,101.0,7114
3.100000000000002,223.0,1532,10.5,2,3,Volvo,hybrid,Czech Republic,101.0,21890
1.6000000000000005,105.0,776,7.5,3,3,BMW,gasoline,Italy,101.0,10873
1.4000000000000004,84.0,702,7.1,3,3,Mercedes,gasoline,Sweden,101.0,8211
2.200000000000001,158.0,1070,8.7,12,3,Toyota,diesel,France,101.0,10510
2.6000000000000014,174.0,1283,9.5,12,5,Volkswagen,gasoline,Italy,101.0,12673
1.3000000000000003,91.0,641,6.7,10,3,Seat,diesel,Italy,101.0,6238
3.500000000000002,245.0,1774,11.0,15,5,Volkswagen,diesel,France,101.0,17517
1.8000000000000007,123.0,902,7.6,13,3,Kia,gasoline,Italy,101.0,7589
3.200000000000002,224.0,1642,,8,3,Peugeot,hybrid,Czech Republic,101.0,18845
2.300000000000001,154.0,1131,8.8,8,5,Volvo,hybrid,Japan,101.0,11626
2.5000000000000013,174.0,1207,9.1,6,5,Skoda,gasoline,Spain,101.0,14502
2.000000000000001,125.0,952,8.1,3,3,Volkswagen,hybrid,France,101.0,11844
3.0000000000000018,216.0,1486,10.1,8,5,Opel,diesel,Czech Republic,101.0,18067
1.1,73.0,576,6.5,10,5,Mercedes,diesel,Spain,101.0,4918
2.8000000000000016,202.0,1350,,4,5,Opel,diesel,Czech Republic,101.0,19230
3.300000000000002,,1629,,10,5,Renault,hybrid,South Korea,101.0,19178
3.400000000000002,240.0,1712,11.2,8,5,Audi,gasoline,Japan,101.0,21358
1.6000000000000005,107.0,763,7.5,8,3,Volvo,gasoline,Czech Republic,101.0,8143
2.200000000000001,155.0,1057,8.8,4,3,Hyundai,gasoline,South Korea,101.0,14675
1.2000000000000002,84.0,628,6.7,4,5,Volvo,diesel,Czech Republic,101.0,7320
1.5000000000000004,90.0,704,7.2,9,3,Opel,diesel,Italy,101.0,6170
2.100000000000001,143.0,1099,8.5,0,5,Volkswagen,gasoline,Japan,101.0,15007
2.100000000000001,134.0,1078,8.6,6,5,Skoda,gasoline,Sweden,101.0,12549
1.0,65.0,499,6.2,12,5,Skoda,diesel,Italy,101.0,3005
3.400000000000002,238.0,1737,11.0,5,3,BMW,gasoline,South Korea,101.0,22815
1.7000000000000006,118.0,867,7.8,15,5,Opel,hybrid,Italy,101.0,5292
2.5000000000000013,180.0,1214,9.3,6,3,Ford,gasoline,Sweden,101.0,15936
1.5000000000000004,114.0,723,7.1,8,5,Volvo,gasoline,Czech Republic,101.0,8944
2.100000000000001,154.0,1045,8.3,12,3,BMW,diesel,Germany,101.0,9931
2.300000000000001,155.0,1106,9.1,13,3,Seat,diesel,Japan,101.0,9657
1.0,62.0,523,,9,3,Skoda,gasoline,Japan,101.0,3180
2.4000000000000012,175.0,1211,9.0,12,3,Ford,diesel,Spain,101.0,11632
1.0,62.0,515,6.3,11,5,Skoda,diesel,Germany,101.0,2214
1.9000000000000008,129.0,915,8.0,2,5,Opel,diesel,Italy,101.0,13937
1.0,72.0,508,6.1,9,3,Renault,hybrid,Germany,101.0,3632
2.8000000000000016,,1443,,0,3,Mercedes,diesel,Italy,101.0,19818
3.0000000000000018,217.0,1502,,2,5,Volkswagen,diesel,Spain,101.0,20439
2.300000000000001,167.0,1120,8.7,2,3,BMW,diesel,France,101.0,16554
2.8000000000000016,202.0,1407,9.9,7,3,Kia,gasoline,Italy,101.0,18451
2.000000000000001,132.0,986,,1,5,Ford,hybrid,Sweden,101.0,13538
3.400000000000002,231.0,1698,11.2,3,3,Renault,diesel,Czech Republic,101.0,21944
2.200000000000001,148.0,1069,8.8,7,5,Peugeot,hybrid,Italy,101.0,12966
1.3000000000000003,83.0,679,6.7,9,3,Hyundai,diesel,Italy,101.0,4847
1.8000000000000007,115.0,942,7.7,4,5,Toyota,hybrid,Japan,101.0,11889
2.4000000000000012,162.0,1244,9.1,13,3,Ford,gasoline,Sweden,101.0,10072
3.0000000000000018,202.0,1474,10.1,6,5,Opel,hybrid,Czech Republic,101.0,18598
1.6000000000000005,98.0,834,7.4,2,3,Hyundai,hybrid,France,101.0,9731
2.100000000000001,154.0,1085,8.4,6,5,Audi,gasoline,Italy,101.0,13653
1.0,71.0,467,6.0,2,5,Ford,diesel,Spain,101.0,8101
3.500000000000002,241.0,1720,11.3,11,3,Volkswagen,gasoline,South Korea,101.0,18535
1.7000000000000006,116.0,847,,14,5,Volvo,gasoline,South Korea,101.0,6380
2.8000000000000016,195.0,1407,10.0,7,5,Fiat,diesel,France,101.0,17104
3.0000000000000018,197.0,1528,10.1,8,3,Volkswagen,diesel,France,101.0,17556
3.100000000000002,216.0,1508,10.7,13,3,Volvo,hybrid,Sweden,101.0,15691
2.9000000000000017,215.0,1425,10.2,6,3,Seat,diesel,Germany,101.0,19075
1.5000000000000004,119.0,756,7.2,8,5,Toyota,hybrid,Germany,101.0,9599
1.0,61.0,513,6.3,15,5,BMW,hybrid,Germany,101.0,1143
1.9000000000000008,,960,8.2,3,3,Skoda,hybrid,France,101.0,14162
2.7000000000000015,196.0,1381,9.6,13,5,Kia,hybrid,Czech Republic,101.0,14035
1.7000000000000006,125.0,861,7.8,10,5,Audi,hybrid,Japan,101.0,8933
2.000000000000001,137.0,1026,8.4,10,3,Fiat,diesel,Japan,101.0,9202
3.500000000000002,254.0,1735,11.1,8,3,Opel,diesel,Czech Republic,101.0,21865
2.200000000000001,153.0,1077,8.6,1,5,BMW,gasoline,France,101.0,15207
2.6000000000000014,175.0,1338,9.4,10,3,Kia,diesel,Japan,101.0,12852
1.1,76.0,509,6.6,7,3,Fiat,hybrid,Spain,101.0,5287
3.400000000000002,236.0,1733,10.9,1,3,Audi,gasoline,France,101.0,24645
3.100000000000002,213.0,1525,10.5,10,3,Renault,hybrid,Sweden,101.0,18095
3.500000000000002,244.0,1724,11.3,13,5,Volvo,gasoline,Sweden,101.0,18277
3.300000000000002,229.0,1610,10.7,5,5,Kia,diesel,Spain,101.0,20930
2.9000000000000017,197.0,1447,10.0,12,5,Peugeot,diesel,Spain,101.0,14999
1.6000000000000005,122.0,807,7.6,15,3,Mercedes,hybrid,Japan,101.0,4916
1.3000000000000003,97.0,618,6.9,8,5,Audi,gasoline,Italy,101.0,7181
2.000000000000001,150.0,1034,8.3,4,3,Fiat,diesel,Czech Republic,101.0,13627
1.1,76.0,576,6.4,1,3,Hyundai,diesel,South Korea,101.0,9020
3.200000000000002,209.0,1638,10.6,12,3,Kia,hybrid,Czech Republic,101.0,14979
3.400000000000002,250.0,1672,11.3,1,3,Toyota,hybrid,South Korea,101.0,25572
2.5000000000000013,177.0,1211,9.2,14,3,BMW,gasoline,Czech Republic,101.0,12484
2.7000000000000015,195.0,1300,9.7,2,5,Mercedes,gasoline,Spain,101.0,19097
3.0000000000000018,217.0,1494,10.3,6,3,Skoda,hybrid,Italy,101.0,18543
2.6000000000000014,173.0,1322,9.6,14,5,Toyota,gasoline,Sweden,101.0,10541
2.4000000000000012,166.0,1162,9.2,10,5,Ford,diesel,Japan,101.0,13286
1.0,80.0,476,6.1,11,3,Volvo,hybrid,Germany,101.0,2965
3.0000000000000018,202.0,1451,10.2,13,3,Renault,gasoline,Japan,101.0,15236
2.7000000000000015,195.0,1387,9.5,8,3,Toyota,gasoline,Czech Republic,101.0,16939
1.7000000000000006,114.0,823,7.6,4,5,Volkswagen,gasoline,Spain,101.0,10990
2.100000000000001,148.0,1035,8.6,6,3,Hyundai,hybrid,Spain,101.0,12436
1.4000000000000004,98.0,666,7.2,11,3,Fiat,gasoline,Japan,101.0,4869
2.5000000000000013,177.0,1286,9.5,15,3,Volvo,hybrid,Germany,101.0,10575
2.9000000000000017,210.0,1464,9.8,11,5,Kia,hybrid,Spain,101.0,16311
1.8000000000000007,131.0,863,8.0,1,5,Kia,hybrid,Spain,101.0,13236
1.3000000000000003,100.0,606,6.9,1,5,Seat,gasoline,Germany,101.0,10685
2.5000000000000013,184.0,1262,9.3,5,5,BMW,hybrid,France,101.0,16471
1.5000000000000004,103.0,754,7.2,14,5,Volkswagen,diesel,Italy,101.0,3997
2.9000000000000017,193.0,1420,9.9,14,3,Fiat,diesel,France,101.0,13370
3.400000000000002,249.0,1724,11.0,0,5,Toyota,hybrid,South Korea,101.0,26071
2.200000000000001,162.0,1068,8.6,15,5,Hyundai,diesel,Japan,101.0,9224
1.9000000000000008,137.0,999,7.9,9,5,Audi,hybrid,Czech Republic,101.0,11340
3.200000000000002,223.0,1629,,0,5,Ford,hybrid,Japan,101.0,23001
2.5000000000000013,172.0,1234,9.1,2,3,Skoda,gasoline,Spain,101.0,16275
3.400000000000002,244.0,1716,11.2,14,5,Volvo,diesel,Germany,101.0,17382
2.4000000000000012,153.0,1179,8.9,0,3,Fiat,gasoline,France,101.0,16642
3.300000000000002,222.0,1644,11.0,10,5,Mercedes,diesel,Sweden,101.0,18539
1.5000000000000004,111.0,733,7.1,14,3,Volvo,gasoline,France,101.0,6139
1.0,64.0,456,6.2,3,3,BMW,hybrid,Sweden,101.0,7151
1.6000000000000005,115.0,837,7.5,12,5,Renault,hybrid,Spain,101.0,6869
2.5000000000000013,181.0,1206,9.4,8,3,Volkswagen,diesel,Italy,101.0,15923
1.4000000000000004,90.0,704,7.2,8,5,Fiat,diesel,France,101.0,6146
2.000000000000001,140.0,995,8.2,4,3,BMW,hybrid,Spain,101.0,13423
3.400000000000002,224.0,1690,11.0,13,5,Opel,hybrid,South Korea,101.0,17276
3.500000000000002,251.0,1761,11.1,7,5,Peugeot,diesel,Sweden,101.0,22301
3.300000000000002,229.0,1696,10.8,7,3,Mercedes,hybrid,France,101.0,19524
2.000000000000001,126.0,997,8.1,12,5,Hyundai,hybrid,Sweden,101.0,8892
3.200000000000002,211.0,1592,10.7,15,3,Opel,hybrid,Spain,101.0,14391
2.200000000000001,146.0,1100,8.6,10,3,Hyundai,hybrid,France,101.0,10124
2.300000000000001,154.0,1167,9.0,12,3,Renault,hybrid,Japan,101.0,11477
1.9000000000000008,126.0,954,8.3,2,3,Hyundai,diesel,Germany,101.0,12256
3.100000000000002,226.0,1595,10.5,5,5,Hyundai,hybrid,Italy,101.0,21663
1.7000000000000006,107.0,842,7.9,0,5,Hyundai,hybrid,Spain,101.0,11272
1.1,72.0,521,6.6,9,3,Seat,hybrid,Czech Republic,101.0,4620
3.0000000000000018,218.0,1523,10.4,4,5,BMW,diesel,Czech Republic,101.0,19577
2.5000000000000013,177.0,1214,9.2,2,3,Audi,hybrid,Italy,101.0,18073
1.7000000000000006,106.0,810,7.8,12,3,Skoda,diesel,France,101.0,5615
3.500000000000002,249.0,1749,11.3,7,5,Seat,hybrid,Spain,101.0,22549
2.100000000000001,148.0,1097,8.6,0,5,Skoda,hybrid,Spain,101.0,14972
2.000000000000001,139.0,975,8.3,5,3,Seat,gasoline,Spain,101.0,13138
2.4000000000000012,168.0,1213,8.8,4,3,Opel,gasoline,Sweden,101.0,15609
2.4000000000000012,163.0,1248,8.9,15,3,Ford,hybrid,Italy,101.0,10197
2.5000000000000013,180.0,1230,9.5,0,5,Mercedes,gasoline,Sweden,101.0,18373
3.300000000000002,219.0,1699,10.7,3,3,Seat,hybrid,Spain,101.0,21655
2.5000000000000013,172.0,1258,9.4,0,5,Opel,diesel,Germany,101.0,17912
3.400000000000002,246.0,1744,10.8,8,3,Skoda,hybrid,South Korea,101.0,21764
3.0000000000000018,196.0,1531,10.5,0,5,Volvo,diesel,Spain,101.0,20100
2.9000000000000017,199.0,1452,10.2,0,5,Hyundai,hybrid,Japan,101.0,21789
3.200000000000002,229.0,1551,10.5,13,3,Renault,gasoline,Spain,101.0,17181
1.1,88.0,593,6.6,6,5,BMW,diesel,Japan,101.0,6181
3.200000000000002,,1636,10.6,10,3,Volkswagen,diesel,Sweden,101.0,17695
3.100000000000002,205.0,1597,10.5,2,3,Fiat,gasoline,Italy,101.0,20284
1.5000000000000004,97.0,743,7.2,2,5,Volvo,diesel,Japan,101.0,10926
1.5000000000000004,118.0,786,7.4,7,5,Audi,gasoline,Italy,101.0,8948
1.0,82.0,461,6.3,6,5,Hyundai,diesel,Spain,101.0,6642
3.0000000000000018,219.0,1541,,2,5,Seat,gasoline,France,101.0,22024
2.8000000000000016,200.0,1387,10.0,15,3,Seat,hybrid,Spain,101.0,14168
2.300000000000001,166.0,1156,8.9,14,3,Hyundai,gasoline,South Korea,101.0,10320
1.8000000000000007,123.0,891,7.6,14,3,Ford,diesel,France,101.0,7012
1.6000000000000005,114.0,794,,2,5,Hyundai,gasoline,Sweden,101.0,12387
1.8000000000000007,132.0,865,8.0,8,5,Fiat,hybrid,South Korea,101.0,11169
2.9000000000000017,192.0,1477,10.0,5,3,Volvo,diesel,Italy,101.0,17032
2.4000000000000012,169.0,1217,9.1,15,5,Hyundai,gasoline,France,101.0,11347
1.4000000000000004,92.0,661,6.9,9,5,Volkswagen,diesel,Sweden,101.0,5767
1.0,80.0,490,6.2,11,5,Volvo,hybrid,South Korea,101.0,4874
1.2000000000000002,91.0,631,6.9,8,5,Mercedes,gasoline,Sweden,101.0,5885
2.6000000000000014,172.0,1337,9.6,8,3,Fiat,diesel,Spain,101.0,15034
1.7000000000000006,113.0,800,7.4,4,3,Skoda,diesel,Sweden,101.0,10157
2.200000000000001,149.0,1101,8.9,12,3,Volkswagen,diesel,Japan,101.0,9939
1.3000000000000003,102.0,642,6.7,0,5,Volvo,diesel,South Korea,101.0,11974
1.6000000000000005,123.0,753,7.6,4,5,Seat,hybrid,Germany,101.0,11987
1.1,71.0,563,6.3,9,5,Fiat,hybrid,Sweden,101.0,4141
2.100000000000001,157.0,1022,8.4,7,5,Ford,hybrid,France,101.0,13059
2.300000000000001,,1183,8.8,3,3,Opel,gasoline,Japan,101.0,16000
3.100000000000002,,1518,10.2,9,5,Renault,diesel,South Korea,101.0,16690
1.3000000000000003,101.0,640,6.7,12,3,Fiat,diesel,South Korea,101.0,5825
2.5000000000000013,164.0,1211,9.4,14,3,Opel,hybrid,Italy,101.0,10839
2.4000000000000012,155.0,1180,9.0,15,5,Ford,diesel,Germany,101.0,8915
2.4000000000000012,162.0,1204,9.2,11,5,Opel,gasoline,Germany,101.0,12721
1.0,64.0,506,6.4,9,3,Hyundai,gasoline,Japan,101.0,3745
3.300000000000002,235.0,1614,10.8,11,3,Mercedes,diesel,Spain,101.0,17745
2.7000000000000015,175.0,1317,9.8,5,3,Seat,gasoline,Japan,101.0,16631
2.8000000000000016,200.0,1395,9.8,10,5,Volvo,diesel,Spain,101.0,16476
2.7000000000000015,188.0,1366,9.6,13,3,Hyundai,diesel,Sweden,101.0,13254
2.5000000000000013,178.0,1233,9.1,3,3,Opel,diesel,Sweden,101.0,16998
2.7000000000000015,195.0,1308,9.8,6,5,Ford,gasoline,South Korea,101.0,16831
1.9000000000000008,135.0,947,7.9,7,5,Volkswagen,gasoline,South Korea,101.0,11586
3.300000000000002,243.0,1666,10.8,2,5,Audi,hybrid,Germany,101.0,23086
1.1,67.0,545,6.2,5,3,BMW,diesel,Spain,101.0,6070
1.4000000000000004,99.0,662,6.9,0,3,Volvo,diesel,Spain,101.0,11423
2.200000000000001,140.0,1107,8.7,2,3,Skoda,diesel,Spain,101.0,14807
1.7000000000000006,120.0,886,7.6,6,3,BMW,hybrid,Spain,101.0,10134
2.8000000000000016,190.0,1389,10.0,6,3,Opel,gasoline,Czech Republic,101.0,16746
3.400000000000002,223.0,1724,11.0,1,3,Hyundai,diesel,Sweden,101.0,22040
1.5000000000000004,96.0,764,7.2,12,3,Mercedes,diesel,South Korea,101.0,6093
1.3000000000000003,77.0,660,6.9,5,5,BMW,hybrid,Sweden,101.0,6990
1.1,88.0,532,6.6,3,5,Volvo,hybrid,Japan,101.0,9461
3.200000000000002,214.0,1598,10.8,11,5,Kia,gasoline,Spain,101.0,17060
3.500000000000002,231.0,1749,11.3,10,5,Ford,hybrid,Czech Republic,101.0,18822
2.7000000000000015,178.0,1306,9.7,7,5,Toyota,hybrid,Sweden,101.0,15496
3.0000000000000018,203.0,1504,10.3,9,3,BMW,hybrid,Italy,101.0,16840
2.8000000000000016,193.0,1400,9.7,7,5,Peugeot,diesel,Spain,101.0,16075
2.300000000000001,169.0,1136,9.1,3,5,Ford,hybrid,Germany,101.0,15537
2.6000000000000014,192.0,1341,9.3,1,5,Kia,diesel,Spain,101.0,19726
1.4000000000000004,109.0,735,7.1,13,5,Hyundai,hybrid,Sweden,101.0,6525
2.7000000000000015,179.0,1342,9.8,7,3,Renault,diesel,Germany,101.0,15937
1.8000000000000007,138.0,875,7.7,4,3,Volkswagen,gasoline,Sweden,101.0,12111
1.8000000000000007,116.0,863,8.0,9,5,Mercedes,hybrid,Germany,101.0,9054
2.6000000000000014,193.0,1324,9.3,3,3,Toyota,hybrid,Japan,101.0,19077
2.9000000000000017,202.0,1482,9.9,11,3,Renault,hybrid,Japan,101.0,15922
1.0,57.0,507,6.5,2,3,Toyota,diesel,Italy,101.0,6411
3.200000000000002,221.0,1628,10.5,11,5,Kia,hybrid,Spain,101.0,17851
1.0,66.0,490,6.1,1,3,Fiat,gasoline,Sweden,101.0,8152
1.4000000000000004,110.0,684,7.1,8,5,Toyota,diesel,Czech Republic,101.0,8800
1.9000000000000008,135.0,958,8.2,13,3,Opel,gasoline,Japan,101.0,7868
2.300000000000001,170.0,1168,9.0,3,5,Renault,gasoline,Germany,101.0,16909
1.9000000000000008,121.0,998,7.9,0,3,Skoda,diesel,South Korea,101.0,14229
3.200000000000002,228.0,1557,10.6,14,5,Skoda,gasoline,France,101.0,16721
1.0,82.0,510,6.3,4,3,Hyundai,hybrid,Sweden,101.0,7491
3.0000000000000018,211.0,1536,10.1,10,5,Renault,diesel,Japan,101.0,16530
2.200000000000001,166.0,1127,8.8,3,5,Toyota,hybrid,Spain,101.0,16775
3.200000000000002,227.0,1566,10.6,7,3,Seat,hybrid,Sweden,101.0,19331
3.200000000000002,234.0,1615,10.7,7,5,Fiat,diesel,Japan,101.0,20032
1.8000000000000007,127.0,901,7.9,11,3,Opel,diesel,Italy,101.0,8661
1.6000000000000005,109.0,818,7.3,15,5,Hyundai,diesel,Italy,101.0,4014
3.200000000000002,231.0,1558,10.6,8,3,Skoda,hybrid,Spain,101.0,19488
3.100000000000002,210.0,1511,10.4,2,5,Kia,hybrid,Italy,101.0,20890
1.6000000000000005,100.0,849,7.5,6,3,BMW,diesel,Czech Republic,101.0,8276
3.500000000000002,233.0,1731,11.2,11,3,Renault,hybrid,Italy,101.0,18401
2.000000000000001,132.0,1017,8.4,0,5,Ford,diesel,Germany,101.0,13674
2.7000000000000015,174.0,1388,9.7,13,3,Toyota,hybrid,Spain,101.0,12515
1.3000000000000003,101.0,675,7.0,15,5,Toyota,hybrid,Japan,101.0,3669
2.300000000000001,170.0,1182,8.9,10,3,Volvo,diesel,Germany,101.0,13728
2.4000000000000012,161.0,1209,9.1,0,3,Ford,diesel,Sweden,101.0,16848
1.1,66.0,513,6.3,5,3,Audi,hybrid,Spain,101.0,6463
1.8000000000000007,126.0,931,7.7,13,5,Hyundai,gasoline,Sweden,101.0,7098
1.6000000000000005,112.0,835,,2,5,Ford,gasoline,France,101.0,11878
1.3000000000000003,94.0,619,6.6,14,3,Opel,gasoline,Japan,101.0,3630
2.000000000000001,,984,8.3,8,5,Fiat,diesel,Japan,101.0,10163
1.1,75.0,522,6.5,1,5,BMW,hybrid,Germany,101.0,7921
3.100000000000002,219.0,1599,10.7,13,3,Skoda,gasoline,South Korea,101.0,15781
2.4000000000000012,167.0,1222,8.8,1,3,Ford,gasoline,France,101.0,17047
2.8000000000000016,194.0,1356,9.9,13,5,Volvo,hybrid,Sweden,101.0,14735
1.0,81.0,518,6.2,13,5,Audi,gasoline,Italy,101.0,2671
2.7000000000000015,191.0,1335,9.5,6,3,Renault,gasoline,France,101.0,17298
1.9000000000000008,141.0,996,8.1,9,5,Fiat,diesel,Sweden,101.0,10888
1.7000000000000006,113.0,857,7.5,5,5,Audi,diesel,Japan,101.0,10699
2.000000000000001,150.0,998,8.0,3,3,Volkswagen,hybrid,Sweden,101.0,13748
3.300000000000002,245.0,1607,10.8,10,3,Opel,gasoline,Spain,101.0,19439
2.6000000000000014,180.0,1268,9.2,12,5,Audi,hybrid,Japan,101.0,13589
1.0,75.0,539,6.3,3,3,Mercedes,diesel,South Korea,101.0,6853
1.1,62.0,536,6.3,9,3,Renault,gasoline,Japan,101.0,2756
1.4000000000000004,98.0,683,7.3,7,3,Peugeot,gasoline,Czech Republic,101.0,8444
1.4000000000000004,85.0,705,7.3,12,3,Opel,gasoline,Sweden,101.0,3798
1.6000000000000005,98.0,779,7.5,11,3,Volkswagen,gasoline,Czech Republic,101.0,5818
2.100000000000001,135.0,1040,8.5,4,3,Hyundai,hybrid,Czech Republic,101.0,13784
1.4000000000000004,94.0,715,6.8,2,3,Audi,gasoline,Japan,101.0,8928
3.500000000000002,233.0,1725,11.0,0,5,Toyota,diesel,Italy,101.0,24448
1.4000000000000004,88.0,693,6.9,5,3,Kia,hybrid,Spain,101.0,7649
1.2000000000000002,96.0,629,6.7,13,5,Peugeot,gasoline,Italy,101.0,4918
3.400000000000002,234.0,1738,10.8,8,5,BMW,gasoline,Sweden,101.0,19235
1.2000000000000002,94.0,559,6.6,15,5,Peugeot,gasoline,Czech Republic,101.0,3308
2.300000000000001,,1115,8.7,8,3,Audi,hybrid,Spain,101.0,14417
3.100000000000002,207.0,1588,,15,5,Renault,gasoline,Czech Republic,101.0,14733
2.000000000000001,138.0,1036,8.3,4,5,Toyota,hybrid,Japan,101.0,12106
1.2000000000000002,94.0,590,6.4,5,5,Volkswagen,hybrid,South Korea,101.0,8456
3.300000000000002,238.0,1671,10.6,13,3,Kia,gasoline,Japan,101.0,17991
1.5000000000000004,109.0,755,7.3,3,3,Opel,gasoline,Italy,101.0,11133
2.7000000000000015,185.0,1394,9.8,10,5,Ford,diesel,Italy,101.0,15021
2.000000000000001,154.0,966,8.4,14,5,Volvo,diesel,Japan,101.0,8436
2.5000000000000013,183.0,1252,9.2,8,5,Seat,diesel,France,101.0,15874
1.9000000000000008,140.0,956,7.9,1,5,Audi,gasoline,Italy,101.0,13708
2.6000000000000014,194.0,1338,9.5,15,5,Volkswagen,diesel,Czech Republic,101.0,12260
1.0,68.0,471,6.2,15,5,Ford,hybrid,Japan,101.0,1512
2.000000000000001,127.0,967,8.2,0,5,Fiat,diesel,Spain,101.0,14803
3.300000000000002,225.0,1693,10.9,4,3,Kia,hybrid,Spain,101.0,21664
2.300000000000001,152.0,1174,8.6,12,3,Peugeot,diesel,Japan,101.0,9501
3.400000000000002,230.0,1720,10.9,12,3,Hyundai,gasoline,Germany,101.0,17255
1.9000000000000008,130.0,928,8.3,10,3,Opel,diesel,South Korea,101.0,8572
1.4000000000000004,111.0,665,7.2,10,3,Ford,hybrid,Germany,101.0,6467
3.100000000000002,203.0,1541,10.4,1,5,Ford,hybrid,South Korea,101.0,20607
1.0,65.0,461,6.2,8,5,Volkswagen,hybrid,Sweden,101.0,3490
2.6000000000000014,,1334,9.5,8,3,BMW,gasoline,Spain,101.0,16830
2.200000000000001,167.0,1070,,7,5,Volvo,gasoline,South Korea,101.0,13866
2.8000000000000016,207.0,1433,10.0,15,5,Fiat,diesel,South Korea,101.0,14512
2.200000000000001,148.0,1110,8.9,4,3,BMW,diesel,Czech Republic,101.0,13824
1.1,69.0,505,6.6,14,3,Audi,diesel,Czech Republic,101.0,2117
1.5000000000000004,102.0,710,7.3,4,5,Fiat,gasoline,South Korea,101.0,10180
3.300000000000002,,1605,11.0,15,5,Volkswagen,diesel,France,101.0,15542
1.2000000000000002,88.0,555,6.8,8,3,Ford,gasoline,Japan,101.0,5948
2.100000000000001,154.0,1024,8.6,14,5,Toyota,diesel,Germany,101.0,9389
2.6000000000000014,183.0,1261,9.7,12,3,Opel,hybrid,Germany,101.0,12671
2.5000000000000013,168.0,1256,,3,5,Renault,gasoline,Germany,101.0,16350
1.2000000000000002,82.0,555,6.8,13,3,Ford,hybrid,South Korea,101.0,2756
1.1,64.0,522,6.5,6,3,Ford,diesel,Germany,101.0,4578
3.0000000000000018,220.0,1482,10.0,4,5,Skoda,gasoline,Czech Republic,101.0,21423
1.0,84.0,463,6.3,10,3,Hyundai,diesel,South Korea,101.0,5330
3.300000000000002,229.0,1664,10.9,4,5,Ford,diesel,Germany,101.0,21540
2.8000000000000016,,1393,10.0,12,3,Fiat,gasoline,Italy,101.0,14143
1.0,74.0,492,6.1,10,5,Volvo,diesel,Sweden,101.0,3308
3.100000000000002,210.0,1548,10.3,13,3,Mercedes,gasoline,Italy,101.0,15252
3.200000000000002,229.0,1637,10.6,0,5,Fiat,gasoline,Spain,101.0,24374
3.300000000000002,245.0,1662,10.8,2,5,Mercedes,gasoline,Sweden,101.0,23374
1.0,,493,6.3,8,3,Mercedes,hybrid,Spain,101.0,3759
3.0000000000000018,197.0,1549,10.4,2,5,Renault,diesel,Czech Republic,101.0,19811
2.000000000000001,153.0,984,8.3,10,5,Audi,hybrid,Italy,101.0,12022
3.100000000000002,203.0,1523,10.2,8,5,Kia,diesel,South Korea,101.0,17520
2.6000000000000014,176.0,1289,9.4,12,3,BMW,hybrid,Japan,101.0,12808
3.0000000000000018,196.0,1498,10.2,7,5,Ford,diesel,Germany,101.0,16183
3.200000000000002,217.0,1638,10.6,5,3,Audi,gasoline,Germany,101.0,20987
1.4000000000000004,87.0,661,6.8,6,5,Ford,diesel,Japan,101.0,7796
1.6000000000000005,121.0,816,7.3,8,3,Kia,hybrid,France,101.0,9830
2.100000000000001,137.0,1033,8.6,8,3,Skoda,hybrid,Spain,101.0,11895
3.100000000000002,221.0,1520,10.4,7,3,Kia,hybrid,France,101.0,18538
2.4000000000000012,166.0,1190,9.2,11,5,Volkswagen,gasoline,Japan,101.0,13038
3.0000000000000018,201.0,1478,10.2,3,5,Volvo,hybrid,Germany,101.0,18902
1.6000000000000005,107.0,815,7.7,0,3,Skoda,gasoline,Czech Republic,101.0,12604
2.000000000000001,133.0,994,8.1,1,3,Peugeot,hybrid,Spain,101.0,14849
3.200000000000002,226.0,1599,10.6,8,3,Mercedes,gasoline,Germany,101.0,20074
2.6000000000000014,181.0,1344,9.3,14,3,Seat,hybrid,Japan,101.0,11896
1.1,84.0,513,6.6,6,3,Hyundai,hybrid,Italy,101.0,7354
1.4000000000000004,86.0,712,7.0,1,3,Peugeot,gasoline,Czech Republic,101.0,10649
3.500000000000002,254.0,1737,11.4,8,5,Renault,gasoline,South Korea,101.0,21183
1.4000000000000004,86.0,695,7.0,5,3,Fiat,gasoline,France,101.0,8222
2.8000000000000016,194.0,1358,,11,3,Volvo,gasoline,Sweden,101.0,14825
2.000000000000001,153.0,1027,8.4,15,3,Fiat,hybrid,Germany,101.0,8085
3.200000000000002,226.0,1631,10.7,4,3,Volkswagen,hybrid,Czech Republic,101.0,21565
1.6000000000000005,118.0,796,7.6,14,5,Peugeot,diesel,Germany,101.0,6901
3.0000000000000018,200.0,1496,10.3,10,5,Hyundai,hybrid,Germany,101.0,15010
2.100000000000001,145.0,1020,8.5,2,5,Fiat,gasoline,Japan,101.0,14917
1.2000000000000002,96.0,565,6.5,15,5,Audi,diesel,Czech Republic,101.0,4378
1.8000000000000007,118.0,887,7.7,11,5,Kia,hybrid,Sweden,101.0,8083
3.200000000000002,221.0,1555,10.9,10,3,Toyota,hybrid,Germany,101.0,18275
3.200000000000002,209.0,1592,10.6,15,5,Volvo,diesel,Spain,101.0,14832
1.3000000000000003,76.0,676,6.6,7,5,Mercedes,gasoline,South Korea,101.0,6012
1.8000000000000007,135.0,877,7.9,14,5,Hyundai,diesel,Italy,101.0,6696
2.7000000000000015,191.0,1357,,11,3,Volvo,hybrid,Italy,101.0,14894
2.000000000000001,127.0,954,,6,3,Volkswagen,gasoline,Italy,101.0,11593
1.0,55.0,482,6.1,2,5,Kia,diesel,Italy,101.0,6423
2.6000000000000014,171.0,1339,9.4,7,3,Fiat,gasoline,France,101.0,14421
2.200000000000001,149.0,1111,8.4,2,5,Hyundai,hybrid,Germany,101.0,15341
1.1,,546,6.3,4,5,Volvo,gasoline,Italy,101.0,5398
2.5000000000000013,171.0,1234,9.0,11,3,Opel,hybrid,Germany,101.0,13348
1.5000000000000004,92.0,705,7.1,2,3,Audi,hybrid,Spain,101.0,10189
2.9000000000000017,206.0,1431,10.3,9,5,BMW,gasoline,South Korea,101.0,15977
3.200000000000002,218.0,1580,10.9,6,3,BMW,gasoline,Italy,101.0,19953
2.5000000000000013,166.0,1256,9.1,1,3,Mercedes,hybrid,Italy,101.0,18151
2.6000000000000014,193.0,1256,9.6,3,3,Seat,diesel,Spain,101.0,19230
1.8000000000000007,111.0,883,8.1,14,5,Audi,diesel,Spain,101.0,6365
1.3000000000000003,86.0,647,6.6,14,3,BMW,gasoline,Spain,101.0,3916
1.0,60.0,512,6.3,15,5,Seat,hybrid,Italy,101.0,826
2.8000000000000016,186.0,1424,9.9,13,3,Kia,gasoline,Sweden,101.0,13073
2.8000000000000016,183.0,1365,9.7,14,3,Volkswagen,gasoline,Italy,101.0,11890
2.4000000000000012,,1159,8.8,6,3,Ford,diesel,France,101.0,15164
3.500000000000002,247.0,1787,11.2,14,5,Skoda,hybrid,South Korea,101.0,18373
1.0,82.0,540,6.1,6,5,Kia,diesel,Czech Republic,101.0,6899
2.200000000000001,145.0,1052,8.8,15,3,Hyundai,gasoline,Germany,101.0,7526
2.7000000000000015,200.0,1327,9.5,6,5,Ford,diesel,Japan,101.0,17774
2.300000000000001,169.0,1180,,3,3,Seat,diesel,Japan,101.0,16324
3.300000000000002,217.0,1620,11.1,7,5,Fiat,gasoline,South Korea,101.0,19047
2.4000000000000012,162.0,1161,9.0,5,5,Peugeot,diesel,Spain,101.0,15372
1.9000000000000008,131.0,959,8.0,8,5,Volvo,hybrid,France,101.0,10413
1.0,68.0,465,6.3,6,3,Hyundai,diesel,Japan,101.0,4668
1.9000000000000008,136.0,963,8.0,12,3,Skoda,gasoline,Germany,101.0,9753
3.400000000000002,229.0,1677,11.2,11,3,Volkswagen,hybrid,Japan,101.0,19121
3.300000000000002,240.0,1629,11.1,6,5,Toyota,diesel,South Korea,101.0,22491
3.0000000000000018,216.0,1503,10.2,6,3,Audi,gasoline,France,101.0,19120
3.300000000000002,221.0,1634,10.7,13,3,Ford,diesel,South Korea,101.0,16372
3.300000000000002,222.0,1657,11.1,15,3,Fiat,hybrid,Czech Republic,101.0,14921
1.9000000000000008,125.0,989,8.1,7,5,Skoda,gasoline,Sweden,101.0,9692
1.3000000000000003,92.0,634,6.8,0,3,Ford,diesel,Japan,101.0,11086
2.7000000000000015,198.0,1312,,9,5,Opel,diesel,Japan,101.0,15108
2.000000000000001,143.0,995,8.5,0,3,Ford,hybrid,Czech Republic,101.0,15059
3.0000000000000018,195.0,1453,10.1,12,3,Toyota,gasoline,France,101.0,15521
1.2000000000000002,69.0,648,6.4,11,5,Opel,diesel,France,101.0,3249
2.4000000000000012,153.0,1216,9.1,0,5,Volkswagen,diesel,Italy,101.0,16912
3.500000000000002,244.0,1738,11.2,0,5,Audi,hybrid,Sweden,101.0,24284
2.8000000000000016,181.0,1435,9.7,6,3,Toyota,hybrid,Japan,101.0,15424
3.100000000000002,223.0,1593,10.5,1,3,BMW,gasoline,Germany,101.0,22323
2.200000000000001,139.0,1099,8.5,10,3,Mercedes,hybrid,Italy,101.0,9932
1.6000000000000005,109.0,832,7.5,13,3,Mercedes,diesel,Spain,101.0,5933
2.7000000000000015,190.0,1392,9.7,6,5,Volvo,hybrid,South Korea,101.0,17408
3.0000000000000018,211.0,1527,10.2,4,3,Fiat,hybrid,France,101.0,20633
1.2000000000000002,81.0,636,6.6,9,5,Toyota,diesel,Sweden,101.0,4977
2.200000000000001,,1080,8.5,10,5,Volkswagen,diesel,Sweden,101.0,12890
2.300000000000001,158.0,1195,8.8,3,5,Volkswagen,diesel,Czech Republic,101.0,15953
2.200000000000001,164.0,1142,8.8,1,3,Volkswagen,diesel,Czech Republic,101.0,17113
2.7000000000000015,194.0,1315,9.5,8,3,Renault,diesel,Japan,101.0,15341
1.3000000000000003,,634,6.8,0,3,Peugeot,diesel,Italy,101.0,10211
2.5000000000000013,183.0,1203,9.2,6,3,Seat,diesel,Italy,101.0,16404
2.4000000000000012,179.0,1220,9.2,10,3,BMW,diesel,Czech Republic,101.0,13573
1.8000000000000007,138.0,930,7.9,0,3,BMW,diesel,Japan,101.0,14785
1.4000000000000004,94.0,650,6.9,0,3,Fiat,diesel,Japan,101.0,10579
1.2000000000000002,76.0,556,6.4,2,3,Opel,diesel,Japan,101.0,7587
3.200000000000002,217.0,1621,10.8,13,5,Audi,gasoline,France,101.0,15222
1.2000000000000002,89.0,646,6.7,0,3,Volkswagen,gasoline,France,101.0,10450
1.6000000000000005,97.0,837,7.3,2,3,Seat,gasoline,Czech Republic,101.0,10129
1.5000000000000004,110.0,760,7.0,0,3,Renault,hybrid,Japan,101.0,13134
1.0,73.0,455,6.4,5,3,Fiat,gasoline,France,101.0,6923
2.200000000000001,142.0,1068,8.4,10,3,Ford,gasoline,Italy,101.0,11465
1.6000000000000005,104.0,813,7.6,15,5,Ford,hybrid,Spain,101.0,5314
2.8000000000000016,,1395,,0,5,Renault,hybrid,Czech Republic,101.0,18469
2.9000000000000017,214.0,1432,9.9,14,3,Toyota,gasoline,Germany,101.0,15533
1.6000000000000005,100.0,771,7.4,7,5,Kia,hybrid,Germany,101.0,8546
2.9000000000000017,207.0,1459,9.8,12,5,BMW,hybrid,Japan,101.0,15917
1.4000000000000004,99.0,739,6.9,7,3,Fiat,hybrid,France,101.0,6928
1.3000000000000003,82.0,693,6.8,6,3,Opel,hybrid,Japan,101.0,6688
3.300000000000002,221.0,1640,10.9,9,3,Hyundai,hybrid,South Korea,101.0,18757
3.500000000000002,254.0,1744,11.2,7,3,Toyota,gasoline,France,101.0,23227
2.300000000000001,155.0,1140,8.9,14,5,Fiat,hybrid,Czech Republic,101.0,10250
2.200000000000001,162.0,1089,8.5,0,3,Peugeot,gasoline,South Korea,101.0,16804
3.200000000000002,228.0,1576,10.6,7,5,Volvo,diesel,Japan,101.0,19634
2.7000000000000015,193.0,1318,,12,5,Mercedes,diesel,France,101.0,13550
1.9000000000000008,,950,7.8,7,3,Volkswagen,hybrid,Czech Republic,101.0,10616
1.9000000000000008,135.0,958,8.2,14,3,Peugeot,diesel,Italy,101.0,8161
3.400000000000002,246.0,1726,11.0,4,5,Toyota,hybrid,Czech Republic,101.0,23254
2.9000000000000017,192.0,1409,9.8,5,5,Audi,gasoline,Japan,101.0,18303
2.7000000000000015,202.0,1390,9.5,6,5,Seat,gasoline,Italy,101.0,17047
1.7000000000000006,123.0,837,7.6,6,5,Mercedes,hybrid,Italy,101.0,9759
3.300000000000002,226.0,1615,10.7,15,3,Toyota,gasoline,Japan,101.0,16115
3.300000000000002,236.0,1657,10.7,11,3,Seat,diesel,Japan,101.0,17749
3.400000000000002,237.0,1690,10.8,9,5,Ford,gasoline,Sweden,101.0,20344
1.5000000000000004,106.0,799,7.3,13,3,Toyota,hybrid,South Korea,101.0,5997
1.9000000000000008,126.0,991,7.8,13,5,Toyota,hybrid,France,101.0,8439
3.100000000000002,203.0,1564,10.7,14,5,Hyundai,hybrid,Germany,101.0,14950
2.100000000000001,147.0,1064,8.6,10,3,Mercedes,hybrid,Sweden,101.0,11592
1.9000000000000008,136.0,988,7.9,5,5,Seat,gasoline,Spain,101.0,12865
1.0,77.0,506,6.3,7,3,Peugeot,diesel,South Korea,101.0,5051
3.300000000000002,222.0,1676,11.0,8,3,Audi,diesel,Sweden,101.0,19711
1.8000000000000007,117.0,866,7.7,3,5,Ford,diesel,Spain,101.0,12224
2.5000000000000013,160.0,1256,9.2,0,3,Audi,gasoline,Spain,101.0,17114
1.7000000000000006,118.0,881,7.8,10,5,Opel,diesel,Czech Republic,101.0,8519
2.100000000000001,134.0,1072,8.6,2,5,Volkswagen,diesel,Japan,101.0,13372
3.400000000000002,231.0,1690,11.3,11,5,Volvo,diesel,Japan,101.0,19112
1.3000000000000003,82.0,607,6.6,6,3,Ford,gasoline,Japan,101.0,7649
2.300000000000001,173.0,1169,8.7,11,3,Renault,diesel,Japan,101.0,13467
2.5000000000000013,161.0,1298,9.4,12,5,Renault,diesel,Italy,101.0,12182
2.200000000000001,163.0,1090,8.6,4,5,Mercedes,diesel,Sweden,101.0,15257
1.3000000000000003,,689,6.8,9,5,BMW,diesel,France,101.0,7462
2.9000000000000017,201.0,1466,10.3,6,3,Kia,hybrid,Italy,101.0,18598
2.9000000000000017,,1409,9.8,2,5,Mercedes,gasoline,Czech Republic,101.0,20535
3.200000000000002,221.0,1573,10.7,15,3,BMW,hybrid,Italy,101.0,14793
3.500000000000002,237.0,1716,11.3,11,5,Volkswagen,diesel,Germany,101.0,19270
2.100000000000001,148.0,1079,8.5,3,5,Mercedes,hybrid,France,101.0,14140
2.000000000000001,125.0,1014,,7,3,Skoda,hybrid,Germany,101.0,10169
2.7000000000000015,177.0,1321,9.6,7,3,Volvo,diesel,Italy,101.0,15765
2.200000000000001,139.0,1090,,5,5,Audi,gasoline,Italy,101.0,11942
1.2000000000000002,84.0,598,6.5,3,5,Skoda,diesel,Italy,101.0,7477
1.4000000000000004,96.0,691,7.1,8,5,Peugeot,diesel,Germany,101.0,7538
3.0000000000000018,209.0,1530,10.1,6,5,Toyota,hybrid,Spain,101.0,18594
1.9000000000000008,119.0,922,8.0,10,5,Renault,gasoline,Germany,101.0,9350
2.000000000000001,149.0,1010,8.0,0,3,BMW,hybrid,Sweden,101.0,15670
2.6000000000000014,189.0,1298,9.3,2,5,Ford,diesel,Italy,101.0,19062
1.0,63.0,496,6.5,5,5,Volvo,gasoline,South Korea,101.0,5425
1.1,91.0,599,6.4,14,5,Toyota,diesel,France,101.0,4074
2.5000000000000013,165.0,1271,9.1,9,3,Volvo,diesel,Spain,101.0,13939
3.100000000000002,223.0,1540,10.4,5,5,Fiat,hybrid,Spain,101.0,21353
1.2000000000000002,79.0,615,6.7,12,3,Volkswagen,gasoline,France,101.0,4409
1.4000000000000004,111.0,734,7.2,9,3,Toyota,gasoline,Japan,101.0,6789
3.300000000000002,222.0,1634,10.8,4,5,Mercedes,gasoline,Italy,101.0,20455
3.300000000000002,240.0,1644,,4,3,Toyota,hybrid,Spain,101.0,22307
2.6000000000000014,179.0,1265,9.3,15,3,Peugeot,diesel,Germany,101.0,11105
3.400000000000002,231.0,1666,11.3,0,5,Seat,diesel,Italy,101.0,23928
2.100000000000001,152.0,1081,,9,5,Renault,gasoline,Czech Republic,101.0,12366
1.8000000000000007,137.0,924,7.9,12,3,Hyundai,gasoline,Czech Republic,101.0,7826
2.000000000000001,128.0,972,8.4,2,5,Toyota,diesel,Japan,101.0,13858
2.4000000000000012,178.0,1160,9.1,8,5,Toyota,gasoline,Japan,101.0,14791
1.6000000000000005,103.0,779,7.6,3,3,Audi,hybrid,South Korea,101.0,10856
1.1,76.0,553,6.4,9,3,BMW,hybrid,South Korea,101.0,4564
2.5000000000000013,180.0,1202,9.0,14,3,Hyundai,gasoline,Spain,101.0,12108
2.100000000000001,159.0,1053,8.3,1,3,Toyota,diesel,Germany,101.0,16477
3.0000000000000018,198.0,1463,10.2,6,3,Mercedes,gasoline,Italy,101.0,18584
2.300000000000001,152.0,1179,8.8,10,5,Skoda,gasoline,Spain,101.0,11608
2.4000000000000012,171.0,1244,9.1,4,5,Kia,diesel,Czech Republic,101.0,15215
1.5000000000000004,104.0,731,7.5,5,5,Opel,hybrid,Sweden,101.0,9483
2.100000000000001,161.0,1085,8.6,9,3,Fiat,diesel,Czech Republic,101.0,12799
3.300000000000002,232.0,1664,10.7,15,5,Volkswagen,gasoline,France,101.0,15490
3.300000000000002,238.0,1641,10.9,6,3,Ford,diesel,France,101.0,20430
1.6000000000000005,123.0,835,7.4,3,3,Audi,gasoline,Italy,101.0,11236
1.4000000000000004,103.0,695,6.9,6,3,Hyundai,diesel,Japan,101.0,8113
2.000000000000001,134.0,1026,8.1,14,3,Hyundai,hybrid,South Korea,101.0,8594
3.300000000000002,241.0,1611,10.6,1,5,BMW,diesel,Japan,101.0,23116
1.1,91.0,543,6.3,7,3,Ford,diesel,Sweden,101.0,6362
1.5000000000000004,90.0,770,7.1,5,3,Volkswagen,diesel,Italy,101.0,8337
3.300000000000002,221.0,1603,10.9,14,5,Opel,diesel,Germany,101.0,15477
3.0000000000000018,203.0,1472,10.1,12,5,Renault,gasoline,Japan,101.0,15733
1.5000000000000004,107.0,740,7.4,0,5,Renault,gasoline,Spain,101.0,12121
2.300000000000001,,1100,8.7,9,5,Volvo,hybrid,Sweden,101.0,12551
2.6000000000000014,171.0,1251,9.6,1,5,Renault,diesel,Sweden,101.0,18089
2.200000000000001,165.0,1101,8.8,5,5,Hyundai,gasoline,Spain,101.0,15140
3.200000000000002,223.0,1634,10.9,12,3,Ford,gasoline,Italy,101.0,17086
2.6000000000000014,189.0,1258,9.2,5,5,Seat,hybrid,Germany,101.0,17798
3.0000000000000018,223.0,1473,10.3,9,3,Volkswagen,hybrid,South Korea,101.0,18376
3.0000000000000018,207.0,1502,10.1,11,5,Renault,diesel,France,101.0,16137
2.300000000000001,,1161,8.6,3,5,Renault,hybrid,France,101.0,15506
1.0,65.0,546,6.1,12,3,Volvo,gasoline,Italy,101.0,1753
3.200000000000002,225.0,1625,10.6,13,3,Seat,gasoline,South Korea,101.0,17273
2.7000000000000015,189.0,1339,9.5,3,5,Volkswagen,gasoline,Italy,101.0,18634
1.4000000000000004,95.0,747,7.0,7,5,Ford,hybrid,Japan,101.0,8127
1.9000000000000008,120.0,925,7.8,3,5,Opel,diesel,Czech Republic,101.0,12256
1.5000000000000004,99.0,715,7.1,5,3,Seat,gasoline,Spain,101.0,8797
1.0,78.0,514,6.1,2,5,Hyundai,diesel,Czech Republic,101.0,7423
1.7000000000000006,112.0,831,7.9,11,3,Opel,diesel,South Korea,101.0,8150
3.500000000000002,248.0,1728,11.2,1,3,Seat,gasoline,Italy,101.0,24777
1.1,71.0,596,6.4,0,3,Volvo,hybrid,Italy,101.0,8369
1.3000000000000003,,647,6.8,13,5,Ford,hybrid,Czech Republic,101.0,3661
1.7000000000000006,116.0,860,,13,5,Hyundai,hybrid,Czech Republic,101.0,7106
2.6000000000000014,172.0,1319,9.5,2,5,Seat,diesel,Czech Republic,101.0,17425
2.6000000000000014,171.0,1254,9.5,14,3,Mercedes,diesel,South Korea,101.0,12165
2.6000000000000014,174.0,1346,9.6,10,5,Volvo,hybrid,Czech Republic,101.0,13618
2.000000000000001,134.0,978,8.1,10,3,Toyota,hybrid,Czech Republic,101.0,9805
2.6000000000000014,176.0,1280,9.2,10,5,Ford,gasoline,Japan,101.0,14457
2.200000000000001,157.0,1107,8.5,9,5,Volkswagen,diesel,Spain,101.0,12900
3.0000000000000018,198.0,1503,10.3,14,3,Peugeot,hybrid,Czech Republic,101.0,13649
1.7000000000000006,119.0,899,7.9,8,5,BMW,diesel,France,101.0,9691
1.8000000000000007,137.0,868,7.9,13,5,Toyota,gasoline,South Korea,101.0,8751
1.7000000000000006,121.0,852,7.5,9,3,Fiat,hybrid,South Korea,101.0,9873
1.9000000000000008,138.0,943,8.3,14,3,Seat,diesel,Germany,101.0,7538
2.5000000000000013,179.0,1291,9.1,12,5,Volkswagen,diesel,France,101.0,13711
2.5000000000000013,180.0,1249,9.4,14,5,Kia,diesel,Sweden,101.0,10939
1.4000000000000004,110.0,667,7.1,0,3,Audi,gasoline,South Korea,101.0,12351
2.200000000000001,156.0,1056,8.5,6,3,Opel,diesel,Czech Republic,101.0,12995
3.0000000000000018,216.0,1484,10.4,10,5,Volvo,gasoline,Italy,101.0,17170
1.3000000000000003,104.0,696,6.6,4,5,Fiat,diesel,Spain,101.0,8722
1.7000000000000006,126.0,842,7.6,13,3,Seat,diesel,South Korea,101.0,6367
3.0000000000000018,216.0,1476,10.2,5,5,Volkswagen,hybrid,Germany,101.0,19983
1.2000000000000002,70.0,614,6.6,6,5,Audi,gasoline,Sweden,101.0,5431
2.7000000000000015,202.0,1374,9.7,11,3,BMW,diesel,Germany,101.0,15409
3.500000000000002,233.0,1784,11.0,6,3,Volkswagen,gasoline,Japan,101.0,20887
2.200000000000001,160.0,1118,8.8,2,3,Seat,diesel,Japan,101.0,15037
3.100000000000002,214.0,1576,10.4,8,3,Skoda,gasoline,Italy,101.0,19043
2.9000000000000017,198.0,1462,10.2,3,5,Volvo,gasoline,Sweden,101.0,19800
3.500000000000002,244.0,1771,11.4,14,5,Seat,hybrid,South Korea,101.0,18034
3.400000000000002,227.0,1715,11.0,0,5,Ford,gasoline,Italy,101.0,24315
1.0,,458,6.2,14,5,Kia,hybrid,Sweden,101.0,2695
1.9000000000000008,129.0,989,8.2,11,5,Volkswagen,hybrid,Germany,101.0,7783
3.500000000000002,256.0,1713,11.4,12,5,Peugeot,gasoline,France,101.0,19040
2.200000000000001,150.0,1080,,14,5,Fiat,hybrid,France,101.0,10189
2.300000000000001,156.0,1113,8.9,4,5,Opel,diesel,France,101.0,15652
2.7000000000000015,202.0,1326,,6,3,Mercedes,diesel,South Korea,101.0,17395
1.2000000000000002,79.0,575,6.4,3,3,BMW,hybrid,Japan,101.0,8185
1.6000000000000005,106.0,833,7.3,11,5,Audi,hybrid,Sweden,101.0,7472
3.400000000000002,245.0,1746,11.2,13,3,Opel,hybrid,Sweden,101.0,18039
3.400000000000002,250.0,1734,10.9,4,5,Volvo,diesel,Spain,101.0,24106
3.200000000000002,231.0,1599,10.4,8,3,Toyota,hybrid,Italy,101.0,20674
3.400000000000002,236.0,1743,10.9,8,3,BMW,diesel,Japan,101.0,21048
2.8000000000000016,203.0,1440,9.9,6,3,Hyundai,diesel,Sweden,101.0,17990
2.8000000000000016,205.0,1375,9.9,2,3,Audi,diesel,Italy,101.0,19258
1.0,67.0,540,6.4,0,3,Ford,hybrid,Sweden,101.0,7643
2.5000000000000013,184.0,1287,9.5,12,5,Volkswagen,hybrid,Spain,101.0,13244
1.8000000000000007,111.0,928,7.7,2,5,Opel,diesel,Spain,101.0,12440
1.1,84.0,574,6.2,12,3,Seat,hybrid,Germany,101.0,4704
2.5000000000000013,,1200,9.4,4,5,Kia,diesel,Germany,101.0,15964
2.100000000000001,154.0,1019,8.7,4,3,Volvo,hybrid,Japan,101.0,15259
2.6000000000000014,174.0,1319,9.4,2,3,Seat,gasoline,France,101.0,17745
3.300000000000002,223.0,1603,10.8,4,5,Fiat,gasoline,Germany,101.0,21842
2.6000000000000014,191.0,1340,9.7,8,5,Opel,hybrid,Germany,101.0,15161
2.100000000000001,138.0,1015,8.3,12,3,Ford,diesel,Japan,101.0,9100
2.100000000000001,142.0,1034,8.7,9,3,Mercedes,hybrid,France,101.0,11641
2.9000000000000017,,1473,9.8,6,5,Audi,gasoline,Germany,101.0,17535
1.3000000000000003,102.0,664,6.8,6,3,Audi,diesel,Germany,101.0,8411
2.000000000000001,152.0,970,,7,5,Toyota,hybrid,Japan,101.0,12900
1.9000000000000008,135.0,909,7.9,6,3,Seat,diesel,Sweden,101.0,11958
3.0000000000000018,205.0,1484,10.3,6,3,Volvo,diesel,Czech Republic,101.0,18382
3.400000000000002,251.0,1681,11.1,1,5,Peugeot,diesel,France,101.0,25504
3.500000000000002,258.0,1716,11.2,13,5,Peugeot,gasoline,Germany,101.0,19588
1.5000000000000004,115.0,797,7.5,12,5,Renault,diesel,South Korea,101.0,5804
2.4000000000000012,153.0,1171,9.1,11,3,Audi,diesel,Sweden,101.0,12120
2.4000000000000012,181.0,1234,9.2,14,5,Mercedes,hybrid,France,101.0,12806
1.9000000000000008,131.0,901,8.1,14,3,Toyota,gasoline,Italy,101.0,7152
3.500000000000002,,1700,11.2,0,3,Skoda,gasoline,South Korea,101.0,24538
1.9000000000000008,123.0,989,,15,3,Peugeot,diesel,Spain,101.0,5977
2.300000000000001,156.0,1150,8.8,12,5,Toyota,hybrid,Sweden,101.0,10926
3.200000000000002,228.0,1633,10.9,12,5,Mercedes,hybrid,Germany,101.0,18261
1.5000000000000004,115.0,756,7.3,2,3,Audi,gasoline,South Korea,101.0,11126
3.200000000000002,211.0,1629,10.7,5,3,Audi,diesel,Italy,101.0,18848
1.7000000000000006,129.0,895,7.7,11,5,Mercedes,hybrid,Sweden,101.0,9082
1.3000000000000003,100.0,608,6.7,9,5,Hyundai,diesel,Italy,101.0,5908
3.200000000000002,211.0,1583,10.6,12,5,Peugeot,hybrid,Italy,101.0,16785
1.7000000000000006,132.0,806,7.8,1,5,Toyota,gasoline,Spain,101.0,14375
2.200000000000001,163.0,1061,8.6,15,5,Peugeot,gasoline,France,101.0,9392
1.3000000000000003,83.0,601,6.9,14,3,Audi,hybrid,Germany,101.0,3808
1.5000000000000004,113.0,759,7.4,0,3,Kia,diesel,Sweden,101.0,11759
2.4000000000000012,172.0,1218,9.1,11,5,Audi,gasoline,Japan,101.0,13433
2.000000000000001,141.0,985,8.4,8,5,Volkswagen,gasoline,France,101.0,11567
3.100000000000002,225.0,1599,10.5,14,5,Peugeot,gasoline,Sweden,101.0,16950
2.7000000000000015,183.0,1373,9.6,2,5,BMW,gasoline,Japan,101.0,17412
2.4000000000000012,168.0,1214,8.8,5,5,Mercedes,hybrid,France,101.0,15145
1.5000000000000004,113.0,793,,8,3,Opel,hybrid,Germany,101.0,9482
2.4000000000000012,173.0,1221,8.9,7,3,Peugeot,diesel,South Korea,101.0,13957
2.100000000000001,144.0,1092,8.4,2,5,Kia,hybrid,Germany,101.0,14160
2.8000000000000016,189.0,1357,9.7,12,5,Ford,gasoline,Czech Republic,101.0,14303
3.200000000000002,225.0,1574,10.7,5,5,Kia,diesel,Japan,101.0,21621
3.200000000000002,209.0,1555,10.7,13,5,Fiat,gasoline,Italy,101.0,15255
2.7000000000000015,175.0,1387,9.5,11,5,Ford,gasoline,France,101.0,13633
2.8000000000000016,190.0,1416,10.0,15,3,Ford,diesel,Spain,101.0,11889
2.300000000000001,173.0,1112,8.9,1,5,Volvo,diesel,South Korea,101.0,17855
1.9000000000000008,146.0,966,8.0,12,3,Kia,gasoline,Italy,101.0,10505
2.8000000000000016,193.0,1384,9.9,15,3,Hyundai,diesel,Japan,101.0,13489
2.000000000000001,133.0,1030,8.4,9,5,Skoda,hybrid,France,101.0,10604
1.3000000000000003,104.0,639,6.7,8,5,Hyundai,hybrid,Sweden,101.0,6854
3.400000000000002,247.0,1725,11.0,12,5,Seat,gasoline,Italy,101.0,19320
2.8000000000000016,,1406,9.7,9,5,Ford,diesel,France,101.0,17179
1.0,84.0,521,6.0,3,3,Fiat,diesel,France,101.0,8663
3.200000000000002,209.0,1585,10.6,0,3,Fiat,gasoline,Czech Republic,101.0,21251
2.5000000000000013,172.0,1211,9.4,13,3,Volvo,gasoline,Sweden,101.0,11497
3.400000000000002,249.0,1651,11.1,8,3,Hyundai,hybrid,South Korea,101.0,22280
2.7000000000000015,201.0,1316,9.5,6,5,Volkswagen,gasoline,Sweden,101.0,17848
1.6000000000000005,104.0,772,7.4,7,3,Skoda,hybrid,Czech Republic,101.0,7934
2.7000000000000015,191.0,1349,9.9,5,3,Toyota,gasoline,Czech Republic,101.0,17400
2.9000000000000017,213.0,1487,9.8,5,3,Audi,hybrid,Japan,101.0,19064
3.200000000000002,235.0,1584,10.6,5,5,Volvo,hybrid,Japan,101.0,22185
3.0000000000000018,202.0,1507,10.0,11,5,Kia,hybrid,South Korea,101.0,14788
1.9000000000000008,131.0,953,8.1,14,5,Toyota,gasoline,Japan,101.0,6524
2.8000000000000016,187.0,1434,,11,5,Fiat,gasoline,Germany,101.0,13295
1.7000000000000006,127.0,838,7.5,6,3,Kia,diesel,Spain,101.0,10958
1.8000000000000007,111.0,876,8.0,5,5,Opel,gasoline,Italy,101.0,9511
2.000000000000001,126.0,991,8.3,11,5,Skoda,diesel,Sweden,101.0,9202
3.300000000000002,239.0,1690,10.8,0,3,Kia,gasoline,South Korea,101.0,24986
3.300000000000002,243.0,1617,10.7,3,3,Renault,diesel,Czech Republic,101.0,22566
2.4000000000000012,182.0,1187,9.2,10,3,Toyota,gasoline,Sweden,101.0,14425
2.7000000000000015,190.0,1347,9.5,1,5,Audi,gasoline,Germany,101.0,19061
2.300000000000001,146.0,1140,,11,5,Renault,diesel,Japan,101.0,10197
3.300000000000002,227.0,1604,10.7,10,3,Ford,gasoline,South Korea,101.0,17892
2.200000000000001,144.0,1129,8.7,15,3,Ford,hybrid,Italy,101.0,8650
2.5000000000000013,165.0,1287,9.2,13,3,Seat,gasoline,Spain,101.0,11393
1.0,57.0,491,6.4,1,3,Seat,diesel,Czech Republic,101.0,6431
1.3000000000000003,86.0,674,6.7,3,3,Volvo,hybrid,Germany,101.0,8831
1.7000000000000006,122.0,890,7.9,15,3,Skoda,hybrid,France,101.0,6224
2.9000000000000017,215.0,1484,10.0,15,5,Toyota,hybrid,France,101.0,13733
1.2000000000000002,81.0,587,6.9,11,5,Volvo,diesel,Italy,101.0,4192
3.200000000000002,223.0,1649,10.8,5,3,Volvo,diesel,Japan,101.0,20570
2.7000000000000015,200.0,1354,9.8,5,3,Opel,gasoline,Sweden,101.0,18793
3.400000000000002,241.0,1705,11.2,9,3,Opel,hybrid,Italy,101.0,20859
2.7000000000000015,193.0,1378,9.4,8,5,BMW,gasoline,Sweden,101.0,16609
1.6000000000000005,123.0,762,7.7,13,3,Renault,hybrid,Italy,101.0,6398
2.100000000000001,145.0,1041,8.5,7,5,Fiat,diesel,Italy,101.0,12124
2.8000000000000016,,1368,10.0,1,3,Volvo,gasoline,Czech Republic,101.0,19859
2.6000000000000014,179.0,1326,9.7,3,3,Peugeot,hybrid,France,101.0,16588
3.500000000000002,246.0,1706,,7,3,Volvo,gasoline,Italy,101.0,21052
1.8000000000000007,120.0,881,7.7,15,3,Toyota,diesel,Czech Republic,101.0,5041
1.4000000000000004,101.0,716,7.3,13,3,BMW,diesel,France,101.0,5467
1.3000000000000003,105.0,625,7.0,9,5,Skoda,hybrid,South Korea,101.0,6422
3.500000000000002,251.0,1777,11.0,8,5,Renault,hybrid,South Korea,101.0,21118
1.7000000000000006,114.0,814,7.5,2,3,Volkswagen,gasoline,Italy,101.0,10949
1.2000000000000002,98.0,602,6.6,1,3,Toyota,diesel,Germany,101.0,9593
1.6000000000000005,111.0,786,7.3,10,5,Volvo,hybrid,Spain,101.0,7833
1.1,64.0,530,,4,5,Seat,diesel,Sweden,101.0,5907
1.8000000000000007,135.0,921,7.9,8,3,Renault,gasoline,Czech Republic,101.0,10514
2.6000000000000014,185.0,1293,9.5,14,3,Kia,diesel,Germany,101.0,12987
3.100000000000002,230.0,1594,10.3,2,3,Renault,gasoline,Czech Republic,101.0,22542
3.400000000000002,235.0,1669,10.9,5,5,Hyundai,diesel,Spain,101.0,21580
1.4000000000000004,99.0,690,6.9,2,5,Kia,hybrid,South Korea,101.0,10735
2.7000000000000015,188.0,1320,,1,3,BMW,diesel,Italy,101.0,19885
1.9000000000000008,126.0,918,,4,5,Seat,hybrid,Japan,101.0,12234
3.200000000000002,213.0,1647,10.8,9,5,Peugeot,diesel,South Korea,101.0,18120
1.0,73.0,537,6.3,1,5,Peugeot,hybrid,Germany,101.0,7607
2.200000000000001,168.0,1143,8.8,7,5,Renault,diesel,France,101.0,14579
2.8000000000000016,203.0,1377,,10,3,Mercedes,diesel,Italy,101.0,15953
2.5000000000000013,179.0,1226,9.4,8,5,Volkswagen,diesel,Spain,101.0,15062
2.200000000000001,139.0,1105,8.7,2,3,Peugeot,hybrid,Italy,101.0,14554
1.3000000000000003,98.0,689,6.7,13,5,Ford,diesel,Spain,101.0,4791
2.5000000000000013,182.0,1208,9.3,6,5,Hyundai,diesel,Spain,101.0,16522
1.9000000000000008,136.0,948,8.1,4,5,Audi,diesel,Spain,101.0,12507
2.8000000000000016,184.0,1367,10.0,4,5,Kia,hybrid,Italy,101.0,17955
3.300000000000002,236.0,1641,10.9,8,3,Mercedes,gasoline,Sweden,101.0,19343
3.100000000000002,215.0,1534,10.4,0,3,Renault,gasoline,France,101.0,22520
2.100000000000001,158.0,1092,8.5,0,5,Mercedes,diesel,Japan,101.0,17729
2.000000000000001,144.0,984,8.0,2,3,BMW,gasoline,Sweden,101.0,14258
2.4000000000000012,164.0,1161,9.0,5,3,Ford,diesel,Spain,101.0,15655
3.400000000000002,,1736,10.9,9,3,Mercedes,gasoline,South Korea,101.0,18948
2.4000000000000012,172.0,1188,8.8,8,5,Volkswagen,gasoline,France,101.0,13633
3.0000000000000018,208.0,1499,10.0,10,5,Ford,gasoline,Spain,101.0,17567
2.200000000000001,163.0,1129,8.8,11,5,Volkswagen,hybrid,Italy,101.0,12600
1.8000000000000007,132.0,917,7.8,9,5,Opel,hybrid,Italy,101.0,10685
1.8000000000000007,129.0,890,8.0,8,5,Hyundai,diesel,Spain,101.0,10674
2.100000000000001,150.0,1090,8.4,3,3,Seat,diesel,Czech Republic,101.0,15338
2.7000000000000015,185.0,1338,,11,3,BMW,hybrid,Germany,101.0,14732
1.1,89.0,500,6.7,7,5,BMW,hybrid,Germany,101.0,5849
1.0,64.0,469,6.2,12,5,Seat,gasoline,Czech Republic,101.0,2510
1.9000000000000008,119.0,929,8.1,8,3,Ford,diesel,South Korea,101.0,9498
1.0,81.0,515,6.2,1,3,Opel,gasoline,South Korea,101.0,9355
2.5000000000000013,165.0,1253,9.4,7,3,BMW,diesel,Germany,101.0,14692
1.6000000000000005,97.0,771,7.4,1,3,Renault,hybrid,Japan,101.0,11630
2.4000000000000012,169.0,1153,9.1,10,3,Volvo,gasoline,Japan,101.0,13506
3.0000000000000018,221.0,1528,10.4,9,3,Ford,gasoline,Czech Republic,101.0,18099
1.7000000000000006,121.0,825,7.5,10,3,Volvo,diesel,Italy,101.0,7829
1.7000000000000006,105.0,819,7.5,5,5,Volvo,hybrid,Sweden,101.0,9722
1.6000000000000005,97.0,812,,14,3,Fiat,hybrid,France,101.0,5286
2.5000000000000013,182.0,1212,9.1,0,3,Renault,diesel,Sweden,101.0,18334
2.6000000000000014,171.0,1329,9.5,8,5,Ford,diesel,Spain,101.0,14972
2.300000000000001,149.0,1115,9.0,13,5,Toyota,gasoline,Czech Republic,101.0,9112
2.9000000000000017,200.0,1498,10.1,12,5,Renault,hybrid,France,101.0,14648
1.2000000000000002,91.0,551,6.6,13,3,Hyundai,diesel,Germany,101.0,2980
2.6000000000000014,186.0,1251,9.6,8,5,Kia,gasoline,Czech Republic,101.0,15825
1.4000000000000004,93.0,748,7.0,8,5,BMW,hybrid,Spain,101.0,5869
2.8000000000000016,195.0,1411,9.9,7,5,Skoda,hybrid,Japan,101.0,16486
2.200000000000001,,1129,8.8,10,5,Audi,gasoline,Sweden,101.0,11178
3.0000000000000018,209.0,1475,10.3,2,5,Hyundai,gasoline,Czech Republic,101.0,20057
2.9000000000000017,216.0,1418,9.8,13,5,Volvo,diesel,Germany,101.0,15731
3.0000000000000018,208.0,1541,10.3,3,5,Kia,hybrid,Italy,101.0,20952
1.8000000000000007,124.0,890,7.8,8,3,Renault,gasoline,South Korea,101.0,10362
2.9000000000000017,207.0,1439,9.8,12,3,Hyundai,hybrid,South Korea,101.0,15207
2.300000000000001,160.0,1126,9.0,12,5,Seat,gasoline,Italy,101.0,10244
2.200000000000001,156.0,1057,,9,3,Audi,diesel,Spain,101.0,12042
1.9000000000000008,119.0,983,8.0,5,3,Hyundai,hybrid,France,101.0,11899
1.4000000000000004,,694,7.2,12,5,Volkswagen,gasoline,Spain,101.0,4717
2.4000000000000012,155.0,1215,9.2,3,5,Volvo,hybrid,Sweden,101.0,15553
1.4000000000000004,99.0,707,6.9,6,5,BMW,hybrid,Japan,101.0,7501
1.9000000000000008,121.0,944,8.0,11,3,Opel,gasoline,Germany,101.0,8765
2.8000000000000016,195.0,1411,9.9,10,5,Audi,diesel,Japan,101.0,15656
3.500000000000002,242.0,1732,11.0,14,5,Mercedes,gasoline,Japan,101.0,17481
3.400000000000002,247.0,1693,11.1,6,5,Volvo,gasoline,Japan,101.0,22350
2.5000000000000013,166.0,1284,9.1,10,3,Toyota,diesel,Spain,101.0,12448
3.0000000000000018,201.0,1513,10.3,14,5,Toyota,hybrid,Japan,101.0,14749
3.400000000000002,240.0,1658,11.0,5,3,Peugeot,gasoline,Spain,101.0,22394
1.1,81.0,568,6.7,7,3,Opel,diesel,Sweden,101.0,5365
3.0000000000000018,208.0,1476,10.2,1,3,Volkswagen,diesel,Sweden,101.0,21368
2.6000000000000014,179.0,1286,9.3,6,5,Seat,gasoline,France,101.0,15252
2.100000000000001,135.0,1052,8.3,8,3,Kia,gasoline,South Korea,101.0,11075
1.0,65.0,507,6.3,2,3,Seat,gasoline,Spain,101.0,8144
2.4000000000000012,173.0,1213,9.2,11,5,Skoda,diesel,Sweden,101.0,12534
1.7000000000000006,130.0,813,7.7,2,3,Kia,hybrid,Spain,101.0,12453
2.6000000000000014,187.0,1277,9.2,7,5,BMW,hybrid,Sweden,101.0,16684
2.9000000000000017,211.0,1421,9.8,14,5,Hyundai,hybrid,Spain,101.0,13879
3.200000000000002,236.0,1644,10.4,13,5,Ford,hybrid,France,101.0,17030
3.300000000000002,226.0,1651,10.9,14,5,Mercedes,diesel,France,101.0,15397
2.000000000000001,132.0,960,8.0,10,3,Volvo,gasoline,Sweden,101.0,9057
3.0000000000000018,213.0,1543,,12,5,Hyundai,gasoline,Czech Republic,101.0,15048
3.300000000000002,226.0,1658,11.0,2,5,Toyota,diesel,Sweden,101.0,22222
2.200000000000001,141.0,1050,8.6,13,3,Audi,diesel,Spain,101.0,9091
2.000000000000001,127.0,1033,8.2,11,3,Fiat,diesel,France,101.0,9301
1.1,72.0,589,6.5,9,3,Skoda,hybrid,France,101.0,3938
3.500000000000002,240.0,1773,11.0,7,5,Seat,hybrid,Japan,101.0,22025
2.7000000000000015,178.0,1371,9.7,14,3,BMW,gasoline,Japan,101.0,12724
3.500000000000002,253.0,1780,11.4,5,5,Seat,diesel,Italy,101.0,23511
1.1,67.0,525,6.4,12,5,Audi,hybrid,Japan,101.0,3192
1.5000000000000004,119.0,793,7.4,8,5,BMW,diesel,Japan,101.0,8423
2.4000000000000012,167.0,1191,8.8,0,3,Seat,hybrid,Spain,101.0,17997
2.200000000000001,158.0,1110,8.6,8,3,BMW,gasoline,Japan,101.0,12925
3.0000000000000018,210.0,1482,10.1,0,5,Renault,diesel,Czech Republic,101.0,21004
3.200000000000002,218.0,1590,10.5,13,5,Renault,gasoline,Italy,101.0,17114
3.100000000000002,214.0,1549,10.6,8,5,Mercedes,hybrid,South Korea,101.0,17478
1.1,87.0,592,6.7,2,3,Toyota,diesel,Japan,101.0,8133
2.8000000000000016,191.0,1443,10.0,14,5,Hyundai,gasoline,Czech Republic,101.0,12100
3.300000000000002,219.0,1607,10.6,13,5,Hyundai,gasoline,France,101.0,15431
2.9000000000000017,200.0,1476,10.2,0,3,Volvo,hybrid,Japan,101.0,20034
1.6000000000000005,108.0,802,7.7,5,3,Hyundai,hybrid,Czech Republic,101.0,8921
2.7000000000000015,181.0,1384,9.6,10,3,Renault,diesel,France,101.0,15170
3.100000000000002,205.0,1582,10.2,1,5,Skoda,hybrid,France,101.0,20200
3.300000000000002,243.0,1640,10.8,8,5,Audi,diesel,Czech Republic,101.0,20623
2.7000000000000015,187.0,1382,9.4,8,5,Volkswagen,diesel,France,101.0,16153
2.8000000000000016,187.0,1416,10.0,7,3,Seat,diesel,Czech Republic,101.0,15662
1.0,79.0,540,6.2,13,3,Seat,diesel,Japan,101.0,2951
1.7000000000000006,111.0,893,7.5,9,5,Seat,gasoline,Italy,101.0,8214
2.100000000000001,161.0,1074,8.6,3,5,Volvo,diesel,Japan,101.0,14778
1.2000000000000002,76.0,581,6.6,1,3,Ford,diesel,Sweden,101.0,8022
3.400000000000002,232.0,1707,10.9,6,5,Skoda,gasoline,Germany,101.0,20179
2.7000000000000015,188.0,1304,9.7,14,5,Hyundai,hybrid,Japan,101.0,13413
2.100000000000001,142.0,1032,8.3,3,5,Renault,hybrid,Italy,101.0,13727
1.9000000000000008,122.0,931,8.2,10,3,Opel,diesel,Spain,101.0,9500
2.5000000000000013,162.0,1225,9.4,13,5,Renault,diesel,Czech Republic,101.0,11409
1.9000000000000008,122.0,946,8.1,8,3,Peugeot,diesel,Japan,101.0,8886
1.7000000000000006,110.0,852,7.7,9,3,Volvo,hybrid,Japan,101.0,8018
3.400000000000002,,1747,11.1,13,3,Seat,diesel,Italy,101.0,18364
3.100000000000002,,1535,10.5,11,5,Opel,diesel,France,101.0,16474
1.2000000000000002,69.0,589,6.5,15,3,Skoda,gasoline,Italy,101.0,1793
2.300000000000001,146.0,1144,9.0,10,3,Opel,gasoline,Germany,101.0,11928
1.8000000000000007,128.0,932,,13,3,Renault,hybrid,South Korea,101.0,8041
1.8000000000000007,115.0,869,7.8,10,5,Skoda,hybrid,France,101.0,7265
1.6000000000000005,,841,7.2,14,5,Fiat,hybrid,Spain,101.0,5407
2.200000000000001,161.0,1143,8.6,2,3,Ford,hybrid,France,101.0,16295
1.3000000000000003,96.0,696,6.8,2,3,Toyota,diesel,Germany,101.0,9378
2.5000000000000013,188.0,1295,9.3,4,5,Kia,hybrid,Italy,101.0,17219
1.5000000000000004,95.0,717,7.4,13,5,Toyota,gasoline,Sweden,101.0,3873
2.5000000000000013,178.0,1250,9.2,0,5,Fiat,hybrid,Czech Republic,101.0,18385
3.400000000000002,229.0,1735,11.0,11,5,Skoda,diesel,Japan,101.0,17635
1.9000000000000008,127.0,995,8.0,7,5,Skoda,diesel,Germany,101.0,11519
2.4000000000000012,164.0,1179,8.9,5,5,Toyota,gasoline,Spain,101.0,15797
1.6000000000000005,126.0,795,7.3,11,5,Peugeot,diesel,Spain,101.0,7406
2.7000000000000015,177.0,1325,9.6,2,5,Fiat,hybrid,Japan,101.0,17168
2.6000000000000014,190.0,1256,9.4,2,3,Peugeot,diesel,France,101.0,17869
2.000000000000001,150.0,950,8.1,15,3,BMW,diesel,Germany,101.0,8953
1.5000000000000004,90.0,746,7.4,5,5,Skoda,diesel,Czech Republic,101.0,8066
2.300000000000001,,1107,8.9,11,3,Mercedes,gasoline,Italy,101.0,13039
3.500000000000002,242.0,1757,11.2,4,3,Opel,gasoline,South Korea,101.0,23053
2.9000000000000017,189.0,1422,10.3,2,3,Mercedes,hybrid,France,101.0,19708
3.200000000000002,232.0,1602,10.5,10,3,Volkswagen,diesel,Czech Republic,101.0,18986
1.4000000000000004,89.0,744,7.1,4,5,Kia,hybrid,Italy,101.0,8480
2.200000000000001,161.0,1121,8.5,14,5,Toyota,diesel,South Korea,101.0,10085
2.6000000000000014,181.0,1264,9.3,6,5,Renault,gasoline,Japan,101.0,15937
1.5000000000000004,,793,7.4,2,5,Seat,hybrid,France,101.0,10707
1.1,71.0,536,6.7,7,5,Peugeot,gasoline,Spain,101.0,4970
3.100000000000002,208.0,1517,10.3,12,3,Mercedes,diesel,France,101.0,15385
1.5000000000000004,111.0,717,7.3,4,5,Opel,hybrid,Sweden,101.0,10362
2.6000000000000014,190.0,1333,9.5,1,5,Opel,diesel,Czech Republic,101.0,19094
2.7000000000000015,,1371,9.8,0,5,Hyundai,hybrid,Spain,101.0,19571
1.9000000000000008,144.0,935,8.0,7,3,BMW,gasoline,France,101.0,12406
2.5000000000000013,183.0,1260,9.3,10,3,Renault,gasoline,Japan,101.0,13392
2.9000000000000017,,1497,10.2,1,5,Audi,gasoline,Germany,101.0,21015
2.300000000000001,162.0,1187,,6,5,Audi,gasoline,France,101.0,14072
3.100000000000002,208.0,1546,10.6,13,5,Volkswagen,gasoline,Czech Republic,101.0,16021
1.4000000000000004,83.0,660,6.8,1,5,Volkswagen,hybrid,Sweden,101.0,8935
1.3000000000000003,,606,6.7,2,3,Volkswagen,hybrid,South Korea,101.0,9407
3.200000000000002,,1575,10.9,8,5,Kia,diesel,Italy,101.0,19373
2.300000000000001,149.0,1103,8.6,0,5,Seat,gasoline,Spain,101.0,15579
2.5000000000000013,165.0,1243,9.4,5,5,Audi,hybrid,Czech Republic,101.0,15841
1.4000000000000004,109.0,742,7.0,4,3,Peugeot,hybrid,Czech Republic,101.0,10893
1.0,73.0,506,6.4,11,5,Volkswagen,gasoline,Czech Republic,101.0,2535
3.400000000000002,239.0,1702,10.9,2,3,Ford,hybrid,France,101.0,23464
3.500000000000002,242.0,1738,11.5,4,3,BMW,gasoline,South Korea,101.0,22059
2.6000000000000014,189.0,1331,9.4,1,5,Skoda,gasoline,Spain,101.0,18286
2.100000000000001,152.0,1050,8.6,13,5,Ford,hybrid,Japan,101.0,9262
3.500000000000002,257.0,1767,11.1,10,3,Renault,gasoline,Germany,101.0,20758
2.6000000000000014,195.0,1332,9.4,10,3,Hyundai,diesel,Sweden,101.0,15668
3.200000000000002,229.0,1606,10.7,5,3,Kia,gasoline,Spain,101.0,21442
3.500000000000002,250.0,1750,11.1,15,5,Seat,diesel,South Korea,101.0,17959
2.300000000000001,161.0,1154,8.9,0,3,BMW,gasoline,Germany,101.0,17118
2.4000000000000012,153.0,1208,9.2,0,3,Opel,diesel,Sweden,101.0,17394
1.5000000000000004,106.0,790,7.1,5,3,BMW,hybrid,Sweden,101.0,9762
3.400000000000002,226.0,1689,11.2,9,5,Mercedes,gasoline,France,101.0,18797
1.2000000000000002,,608,6.6,0,5,Hyundai,gasoline,Germany,101.0,10392
1.6000000000000005,123.0,776,7.6,7,5,Hyundai,gasoline,France,101.0,9661
2.7000000000000015,180.0,1365,9.6,5,5,Kia,diesel,Czech Republic,101.0,16551
1.5000000000000004,100.0,721,,15,3,Renault,gasoline,Spain,101.0,3948
3.0000000000000018,215.0,1522,10.2,11,5,BMW,hybrid,South Korea,101.0,15759
1.8000000000000007,134.0,929,7.8,0,5,Opel,gasoline,France,101.0,15128
2.8000000000000016,187.0,1366,9.7,2,3,Mercedes,gasoline,Japan,101.0,18904
1.9000000000000008,134.0,939,7.9,8,5,Ford,hybrid,Japan,101.0,11548
1.0,,509,6.1,14,5,Fiat,hybrid,Japan,101.0,2786
3.100000000000002,231.0,1593,10.6,11,5,Seat,hybrid,Japan,101.0,17473
3.300000000000002,224.0,1626,11.0,6,5,Seat,gasoline,Sweden,101.0,19643
2.7000000000000015,192.0,1367,9.8,12,5,Toyota,diesel,South Korea,101.0,14627
1.8000000000000007,126.0,853,7.6,15,5,Mercedes,gasoline,Italy,101.0,7194
3.0000000000000018,202.0,1544,10.5,3,3,Hyundai,hybrid,Japan,101.0,19213
1.7000000000000006,127.0,859,7.4,6,5,Seat,diesel,France,101.0,10461
2.300000000000001,146.0,1109,9.1,14,3,Audi,hybrid,Germany,101.0,8988
1.0,62.0,510,,9,3,Volkswagen,diesel,Italy,101.0,3839
3.200000000000002,227.0,1614,10.8,3,3,Seat,hybrid,Czech Republic,101.0,21171
1.0,83.0,496,6.3,7,3,Renault,gasoline,Spain,101.0,6117
3.500000000000002,253.0,1739,11.1,14,3,Peugeot,hybrid,Spain,101.0,17800
1.4000000000000004,90.0,677,7.2,7,3,Ford,diesel,Japan,101.0,6826
1.1,91.0,570,6.2,8,3,Skoda,gasoline,Italy,101.0,6389
2.9000000000000017,216.0,1430,10.1,1,3,Opel,hybrid,Sweden,101.0,22286
2.200000000000001,142.0,1134,8.6,13,5,BMW,gasoline,France,101.0,8423
2.200000000000001,140.0,1108,8.5,2,5,Audi,hybrid,France,101.0,13425
2.7000000000000015,197.0,1328,9.7,1,5,Hyundai,gasoline,Sweden,101.0,19919
1.7000000000000006,130.0,849,7.6,4,5,Opel,hybrid,Czech Republic,101.0,11215
2.000000000000001,148.0,984,8.1,11,5,Hyundai,hybrid,Sweden,101.0,10155
2.8000000000000016,184.0,1409,9.8,10,5,Kia,diesel,Sweden,101.0,14798
3.200000000000002,223.0,1578,10.4,6,5,Volkswagen,diesel,France,101.0,19653
1.7000000000000006,118.0,802,7.4,13,3,Mercedes,hybrid,Italy,101.0,6824
2.6000000000000014,184.0,1342,9.7,4,3,Opel,gasoline,Italy,101.0,16935
1.9000000000000008,120.0,975,,15,3,Fiat,gasoline,South Korea,101.0,6054
1.4000000000000004,86.0,681,7.3,12,3,BMW,hybrid,Germany,101.0,3679
2.7000000000000015,202.0,1367,9.7,14,5,Opel,hybrid,Italy,101.0,13628
1.2000000000000002,86.0,626,6.8,13,3,Audi,hybrid,France,101.0,3996
3.500000000000002,256.0,1710,11.2,1,3,Kia,diesel,South Korea,101.0,25278
1.2000000000000002,94.0,593,6.8,1,3,Toyota,diesel,Germany,101.0,9320
3.300000000000002,,1633,10.7,0,3,Volvo,gasoline,Czech Republic,101.0,23471
1.9000000000000008,124.0,923,8.0,13,3,Fiat,hybrid,Czech Republic,101.0,7119
1.9000000000000008,129.0,925,7.9,7,5,Renault,diesel,France,101.0,11114
2.8000000000000016,200.0,1416,10.0,13,5,Peugeot,diesel,South Korea,101.0,14647
2.300000000000001,152.0,1140,8.6,10,5,Fiat,gasoline,France,101.0,11822
2.8000000000000016,195.0,1398,10.0,7,5,Audi,gasoline,Sweden,101.0,17781
1.5000000000000004,112.0,705,7.4,2,3,Kia,gasoline,South Korea,101.0,11500
1.6000000000000005,108.0,836,7.5,7,5,Toyota,diesel,France,101.0,9189
2.000000000000001,133.0,1038,8.4,3,3,Skoda,hybrid,Germany,101.0,12961
1.1,88.0,572,6.5,14,3,Mercedes,diesel,Germany,101.0,3263
2.300000000000001,156.0,1105,8.7,14,3,Peugeot,gasoline,Japan,101.0,8787
1.7000000000000006,126.0,823,7.6,6,5,Kia,hybrid,South Korea,101.0,10673
2.9000000000000017,197.0,1469,10.1,8,3,Opel,diesel,Italy,101.0,15783
2.100000000000001,139.0,1005,8.5,14,5,Fiat,diesel,Czech Republic,101.0,8996
2.8000000000000016,184.0,1425,9.9,6,3,Peugeot,hybrid,France,101.0,16475
3.400000000000002,247.0,1732,11.1,1,5,Seat,hybrid,Japan,101.0,25030
2.8000000000000016,209.0,1421,9.8,8,5,BMW,diesel,Sweden,101.0,16856
3.100000000000002,,1561,10.3,13,3,Fiat,gasoline,South Korea,101.0,16764
1.8000000000000007,114.0,916,7.6,3,5,Volkswagen,hybrid,Czech Republic,101.0,10437
1.1,83.0,577,6.3,11,3,Audi,hybrid,Spain,101.0,4440
3.0000000000000018,208.0,1545,10.3,11,3,Audi,gasoline,Czech Republic,101.0,16031
1.0,67.0,548,6.0,0,3,Kia,gasoline,France,101.0,8374
1.9000000000000008,130.0,937,8.3,1,5,Volkswagen,diesel,Spain,101.0,13181
2.100000000000001,158.0,1043,8.7,11,3,Toyota,gasoline,Czech Republic,101.0,10547
1.4000000000000004,107.0,739,6.9,12,3,Mercedes,hybrid,Japan,101.0,6468
2.7000000000000015,186.0,1301,9.7,9,3,Peugeot,gasoline,Spain,101.0,14605
1.8000000000000007,125.0,850,8.1,8,5,Seat,hybrid,Czech Republic,101.0,9038
3.100000000000002,222.0,1571,10.4,9,3,Fiat,diesel,Spain,101.0,18867
2.7000000000000015,185.0,1331,9.5,12,3,Volkswagen,gasoline,Sweden,101.0,12930
1.4000000000000004,84.0,664,7.1,2,5,Volvo,hybrid,Czech Republic,101.0,8412
1.2000000000000002,78.0,550,,3,3,BMW,gasoline,Japan,101.0,8055
2.100000000000001,158.0,1005,8.6,6,5,Audi,diesel,Japan,101.0,13144
2.8000000000000016,203.0,1357,9.9,10,5,Volkswagen,hybrid,France,101.0,16305
2.9000000000000017,191.0,1440,9.8,0,3,Seat,diesel,Spain,101.0,20360
2.7000000000000015,175.0,1358,9.6,4,3,Hyundai,diesel,Czech Republic,101.0,17228
1.4000000000000004,90.0,679,7.2,10,3,Renault,diesel,Germany,101.0,4923
2.5000000000000013,164.0,1256,,0,3,Fiat,gasoline,Spain,101.0,18217
2.6000000000000014,169.0,1254,9.4,5,5,Toyota,diesel,France,101.0,16505
1.5000000000000004,116.0,724,7.2,0,3,Ford,hybrid,Czech Republic,101.0,12247
2.8000000000000016,196.0,1368,10.1,6,5,Opel,gasoline,Italy,101.0,16635
3.500000000000002,232.0,1743,11.0,4,3,Volkswagen,diesel,Czech Republic,101.0,21967
3.300000000000002,243.0,1690,11.1,15,3,Toyota,hybrid,Spain,101.0,18086
1.7000000000000006,109.0,837,7.9,12,5,BMW,diesel,Spain,101.0,6982
2.6000000000000014,171.0,1270,9.5,4,3,Fiat,gasoline,Czech Republic,101.0,15472
1.1,82.0,562,,6,3,BMW,gasoline,Japan,101.0,5799
3.400000000000002,,1663,10.9,15,5,Fiat,gasoline,Italy,101.0,16212
3.200000000000002,231.0,1562,10.8,6,3,Toyota,hybrid,Czech Republic,101.0,20173
3.0000000000000018,222.0,1506,10.5,5,3,Volkswagen,gasoline,Sweden,101.0,20152
2.200000000000001,141.0,1077,8.6,13,3,Peugeot,gasoline,Japan,101.0,9154
1.1,73.0,559,6.5,14,5,Opel,gasoline,Spain,101.0,2421
1.5000000000000004,111.0,751,7.3,15,5,Renault,gasoline,Czech Republic,101.0,4744
1.9000000000000008,146.0,952,7.8,11,3,Toyota,gasoline,South Korea,101.0,10825
3.0000000000000018,202.0,1511,10.4,6,3,Opel,gasoline,Japan,101.0,18467
2.9000000000000017,198.0,1433,10.3,6,3,Audi,gasoline,Japan,101.0,18736
2.7000000000000015,201.0,1334,9.7,11,3,Seat,diesel,Italy,101.0,14942
1.3000000000000003,94.0,673,7.0,2,3,Kia,hybrid,South Korea,101.0,9598
1.0,75.0,540,6.5,10,3,BMW,diesel,Czech Republic,101.0,4519
3.200000000000002,229.0,1636,10.8,7,5,Volvo,gasoline,Sweden,101.0,19957
2.000000000000001,127.0,1008,8.3,1,5,Fiat,hybrid,Sweden,101.0,12822
3.500000000000002,236.0,1786,11.5,5,3,Seat,gasoline,Spain,101.0,21594
2.9000000000000017,196.0,1473,,9,3,Volkswagen,hybrid,South Korea,101.0,16563
1.8000000000000007,117.0,920,7.7,5,5,Audi,diesel,Germany,101.0,11190
3.500000000000002,256.0,1700,11.4,11,5,Hyundai,gasoline,Spain,101.0,19863
2.6000000000000014,196.0,1322,9.3,10,5,Volvo,gasoline,Czech Republic,101.0,15076
1.2000000000000002,83.0,560,6.8,9,3,Hyundai,gasoline,Italy,101.0,6116
3.500000000000002,231.0,1700,11.1,1,3,Audi,hybrid,Italy,101.0,22559
2.8000000000000016,182.0,1353,9.6,4,3,Peugeot,gasoline,France,101.0,18143
1.4000000000000004,98.0,680,7.0,11,5,BMW,gasoline,Germany,101.0,5419
2.6000000000000014,174.0,1293,9.4,13,5,Fiat,hybrid,Italy,101.0,12746
2.5000000000000013,164.0,1229,9.1,4,5,Opel,diesel,Czech Republic,101.0,15980
3.300000000000002,230.0,1656,10.7,14,5,Peugeot,diesel,Italy,101.0,16666
1.2000000000000002,90.0,622,6.8,0,5,Kia,diesel,France,101.0,10810
1.6000000000000005,113.0,809,7.6,5,3,Hyundai,hybrid,Japan,101.0,10361
2.300000000000001,174.0,1196,8.7,1,3,Opel,hybrid,South Korea,101.0,17709
3.400000000000002,226.0,1692,10.9,2,5,Audi,hybrid,Italy,101.0,22711
2.9000000000000017,214.0,1439,10.2,3,5,Kia,diesel,Italy,101.0,19650
2.9000000000000017,210.0,1412,,3,3,Hyundai,hybrid,Sweden,101.0,20697
2.100000000000001,,1060,8.6,9,3,Mercedes,gasoline,Spain,101.0,9932
1.2000000000000002,80.0,599,,4,5,Volvo,hybrid,Japan,101.0,8573
3.200000000000002,218.0,1609,,12,3,BMW,diesel,France,101.0,15732
3.0000000000000018,205.0,1509,10.3,4,5,Fiat,diesel,Czech Republic,101.0,19758
2.6000000000000014,172.0,1340,9.2,13,5,Kia,hybrid,Czech Republic,101.0,12587
1.5000000000000004,90.0,731,7.2,15,3,Audi,gasoline,Spain,101.0,3097
1.1,78.0,588,6.3,14,5,Skoda,hybrid,South Korea,101.0,2011
3.200000000000002,220.0,1628,10.7,3,5,Fiat,gasoline,Italy,101.0,20838
3.100000000000002,202.0,1593,10.6,7,5,Seat,hybrid,Spain,101.0,17007
3.500000000000002,249.0,1747,11.4,12,5,Renault,gasoline,Germany,101.0,19164
3.0000000000000018,206.0,1485,10.0,0,5,Mercedes,gasoline,Japan,101.0,21017
3.400000000000002,226.0,1728,10.9,14,5,BMW,gasoline,Sweden,101.0,17163
1.1,88.0,540,6.5,1,5,Fiat,gasoline,Spain,101.0,9244
2.7000000000000015,177.0,1373,9.5,4,3,Audi,hybrid,South Korea,101.0,16508
3.0000000000000018,197.0,1491,10.0,8,3,Volkswagen,gasoline,South Korea,101.0,17415
3.300000000000002,235.0,1684,11.0,11,5,Skoda,hybrid,Czech Republic,101.0,19206
1.2000000000000002,77.0,626,6.6,13,3,Seat,gasoline,Germany,101.0,1890
1.2000000000000002,80.0,598,6.7,0,5,Volkswagen,diesel,Germany,101.0,10482
2.100000000000001,137.0,1032,,14,3,Volvo,hybrid,Japan,101.0,7243
2.300000000000001,171.0,1102,8.7,11,3,Mercedes,gasoline,Italy,101.0,12529
3.500000000000002,245.0,1783,11.4,10,5,Peugeot,gasoline,South Korea,101.0,20699
1.6000000000000005,122.0,837,7.2,12,5,Fiat,diesel,Italy,101.0,6931
3.0000000000000018,199.0,1548,10.0,12,5,Peugeot,hybrid,Sweden,101.0,15101
2.9000000000000017,207.0,1465,10.2,3,5,Ford,hybrid,Sweden,101.0,19971
2.6000000000000014,173.0,1266,9.5,2,5,Volkswagen,hybrid,Germany,101.0,16930
1.1,72.0,503,6.5,0,5,Toyota,diesel,Sweden,101.0,8993
2.300000000000001,169.0,1195,,11,3,Toyota,hybrid,Sweden,101.0,13085
2.100000000000001,145.0,1098,8.4,8,3,Opel,gasoline,France,101.0,12459
1.4000000000000004,97.0,743,7.1,9,3,Skoda,gasoline,Japan,101.0,6756
3.500000000000002,256.0,1788,11.5,7,3,Ford,gasoline,Japan,101.0,23096
1.3000000000000003,80.0,668,6.6,11,3,Seat,hybrid,Sweden,101.0,4118
2.7000000000000015,185.0,1304,9.8,14,5,Volkswagen,hybrid,Sweden,101.0,13222
2.7000000000000015,186.0,1380,9.7,0,3,Mercedes,hybrid,Sweden,101.0,19654
3.400000000000002,242.0,1656,11.1,6,5,Skoda,hybrid,South Korea,101.0,22039
1.3000000000000003,82.0,683,6.9,11,5,Toyota,gasoline,Sweden,101.0,3842
2.4000000000000012,164.0,1208,9.2,3,5,Volkswagen,gasoline,South Korea,101.0,15437
2.7000000000000015,175.0,1320,9.9,0,3,Fiat,hybrid,Germany,101.0,18109
1.6000000000000005,108.0,848,7.5,8,5,Skoda,diesel,France,101.0,8886
1.0,65.0,491,6.3,4,3,Kia,diesel,Spain,101.0,5201
2.4000000000000012,174.0,1201,9.1,4,3,Toyota,gasoline,South Korea,101.0,17098
2.4000000000000012,173.0,1231,9.0,8,5,Peugeot,diesel,Spain,101.0,13492
3.200000000000002,233.0,1614,10.8,8,5,Toyota,gasoline,South Korea,101.0,19143
2.7000000000000015,185.0,1310,9.7,5,5,Toyota,hybrid,Sweden,101.0,17218
1.1,89.0,599,6.5,13,3,Seat,hybrid,Japan,101.0,3096
2.200000000000001,161.0,1050,8.5,6,3,Hyundai,diesel,Czech Republic,101.0,14775
1.3000000000000003,83.0,682,6.7,3,3,Renault,diesel,Spain,101.0,8714
3.300000000000002,220.0,1695,10.9,4,5,Audi,gasoline,Italy,101.0,19957
2.6000000000000014,169.0,1307,9.6,12,5,Volkswagen,diesel,Germany,101.0,12146
2.6000000000000014,181.0,1349,9.3,0,5,Skoda,gasoline,Germany,101.0,19507
1.0,65.0,484,,7,3,Fiat,hybrid,Spain,101.0,4406
2.200000000000001,163.0,1105,8.7,9,5,Fiat,gasoline,Germany,101.0,13503
2.200000000000001,149.0,1137,8.8,10,5,Opel,hybrid,Czech Republic,101.0,11980
1.6000000000000005,113.0,758,7.5,7,5,Audi,hybrid,Sweden,101.0,9581
3.300000000000002,228.0,1687,10.7,1,5,Ford,hybrid,Spain,101.0,23522
1.7000000000000006,104.0,813,7.7,11,5,Peugeot,gasoline,South Korea,101.0,5940
1.2000000000000002,78.0,585,6.6,12,3,Opel,diesel,South Korea,101.0,2771
3.500000000000002,234.0,1728,11.0,4,3,Seat,hybrid,Sweden,101.0,22003
3.0000000000000018,204.0,1509,10.3,8,3,Volkswagen,gasoline,Germany,101.0,17586
1.2000000000000002,78.0,606,,14,5,Mercedes,diesel,Japan,101.0,2926
1.3000000000000003,82.0,665,7.1,15,5,Seat,diesel,Japan,101.0,1776
2.5000000000000013,171.0,1280,9.3,15,3,Volvo,hybrid,Spain,101.0,9691
2.200000000000001,153.0,1092,8.6,8,5,Skoda,gasoline,Czech Republic,101.0,12559
2.4000000000000012,,1196,9.2,1,5,Renault,hybrid,Germany,101.0,18503
2.7000000000000015,187.0,1392,9.4,1,3,Peugeot,gasoline,Sweden,101.0,19150
2.200000000000001,,1066,8.6,5,5,Audi,gasoline,South Korea,101.0,15208
3.400000000000002,227.0,1713,11.2,1,3,Volkswagen,gasoline,France,101.0,23530
1.9000000000000008,130.0,966,7.8,3,3,Seat,hybrid,Sweden,101.0,13450
1.5000000000000004,101.0,768,7.4,0,3,Volvo,hybrid,Italy,101.0,10772
1.7000000000000006,119.0,807,7.9,9,3,Skoda,gasoline,Czech Republic,101.0,9614
3.400000000000002,224.0,1737,11.1,8,3,Seat,hybrid,Sweden,101.0,18582
2.8000000000000016,185.0,1445,9.9,3,3,Hyundai,hybrid,Germany,101.0,17593
2.7000000000000015,202.0,1374,9.7,9,3,Hyundai,hybrid,South Korea,101.0,16311
3.400000000000002,249.0,1732,11.1,8,5,Mercedes,diesel,Spain,101.0,20669
2.000000000000001,151.0,1026,8.2,10,5,Peugeot,gasoline,Japan,101.0,11182
3.400000000000002,252.0,1656,11.2,13,5,Toyota,gasoline,Germany,101.0,18736
3.100000000000002,225.0,1540,,12,3,Kia,hybrid,Czech Republic,101.0,17764
2.5000000000000013,188.0,1219,9.3,11,5,Peugeot,diesel,France,101.0,13402
1.1,,501,6.6,2,3,Volvo,gasoline,Japan,101.0,10163
2.8000000000000016,186.0,1413,10.0,14,5,Toyota,gasoline,Spain,101.0,12018
2.8000000000000016,206.0,1418,10.0,14,3,Volkswagen,diesel,South Korea,101.0,14666
1.5000000000000004,112.0,744,,8,5,Hyundai,gasoline,Italy,101.0,9032
2.5000000000000013,163.0,1295,9.2,14,5,Opel,gasoline,Spain,101.0,9701
1.0,82.0,456,6.4,11,3,Seat,diesel,Sweden,101.0,3467
3.500000000000002,250.0,1724,11.1,5,3,BMW,diesel,Sweden,101.0,23452
3.300000000000002,227.0,1685,10.7,9,5,Peugeot,diesel,Sweden,101.0,19066
1.6000000000000005,100.0,759,7.5,4,5,Mercedes,hybrid,Japan,101.0,10018
2.000000000000001,142.0,1034,8.2,9,3,Audi,diesel,Spain,101.0,11302
1.6000000000000005,103.0,771,7.5,12,3,Fiat,hybrid,Czech Republic,101.0,5318
2.200000000000001,140.0,1104,8.8,14,5,Volvo,hybrid,Germany,101.0,9133
1.0,60.0,459,,0,5,Toyota,hybrid,Italy,101.0,7814
2.5000000000000013,170.0,1214,9.1,8,5,Peugeot,hybrid,Spain,101.0,14302
1.7000000000000006,126.0,849,7.7,12,5,Skoda,hybrid,Germany,101.0,8446
2.9000000000000017,209.0,1494,10.1,12,3,Volvo,diesel,Spain,101.0,14669
1.9000000000000008,,960,8.3,5,5,Audi,diesel,South Korea,101.0,10989
3.100000000000002,214.0,1586,10.6,2,5,Ford,diesel,Spain,101.0,21203
2.9000000000000017,200.0,1415,10.1,4,3,Volkswagen,hybrid,Japan,101.0,18955
3.100000000000002,209.0,1511,10.5,11,5,BMW,diesel,Czech Republic,101.0,16103
1.2000000000000002,94.0,580,6.9,12,5,Opel,gasoline,Italy,101.0,4303
2.300000000000001,154.0,1146,8.7,11,3,Volvo,diesel,Czech Republic,101.0,11671
3.300000000000002,239.0,1650,11.0,3,3,Renault,diesel,Sweden,101.0,22304
1.5000000000000004,95.0,722,7.3,14,3,Opel,diesel,Czech Republic,101.0,3827
2.200000000000001,140.0,1072,8.7,2,3,Opel,gasoline,Spain,101.0,13947
2.100000000000001,134.0,1067,8.3,11,3,Seat,gasoline,Italy,101.0,9155
1.8000000000000007,122.0,892,7.8,2,5,Kia,gasoline,Spain,101.0,11981
1.9000000000000008,145.0,944,7.9,4,5,Peugeot,gasoline,Japan,101.0,14034
3.400000000000002,240.0,1710,11.0,9,5,Toyota,hybrid,Spain,101.0,20560
2.5000000000000013,188.0,1297,9.2,15,3,Volvo,hybrid,Czech Republic,101.0,11102
3.500000000000002,245.0,1743,11.4,4,5,Mercedes,hybrid,Italy,101.0,23942
1.5000000000000004,92.0,780,7.3,7,3,Fiat,hybrid,Japan,101.0,8003
1.0,73.0,523,6.4,14,3,Ford,diesel,Sweden,101.0,1760
2.9000000000000017,191.0,1410,10.1,11,3,Renault,hybrid,France,101.0,15479
1.6000000000000005,125.0,797,7.5,3,3,BMW,diesel,Sweden,101.0,12565
1.2000000000000002,,559,6.9,12,3,Peugeot,diesel,France,101.0,2569
1.8000000000000007,113.0,927,7.9,9,5,Kia,gasoline,Sweden,101.0,9292
2.6000000000000014,191.0,1335,9.7,4,3,Opel,diesel,Czech Republic,101.0,17358
1.8000000000000007,140.0,936,8.0,12,5,Ford,hybrid,Czech Republic,101.0,9005
1.0,71.0,466,6.1,3,3,Seat,diesel,South Korea,101.0,7002
3.400000000000002,241.0,1711,11.0,7,5,Volvo,diesel,Germany,101.0,20656
2.5000000000000013,163.0,1296,,5,3,Hyundai,diesel,Sweden,101.0,14780
3.400000000000002,234.0,1727,11.1,14,5,Renault,gasoline,Sweden,101.0,16668
3.100000000000002,202.0,1524,10.6,15,3,Peugeot,diesel,France,101.0,13350
3.200000000000002,226.0,1626,10.7,3,3,Opel,hybrid,France,101.0,21208
1.5000000000000004,91.0,781,7.4,8,3,Audi,gasoline,Spain,101.0,6307
1.9000000000000008,143.0,995,7.8,9,3,Seat,hybrid,Sweden,101.0,10500
2.7000000000000015,189.0,1337,9.5,11,3,Peugeot,gasoline,Sweden,101.0,14919
1.9000000000000008,135.0,908,8.0,1,3,Volkswagen,gasoline,Japan,101.0,13538
1.9000000000000008,121.0,978,8.2,5,5,Volvo,gasoline,South Korea,101.0,11157
1.3000000000000003,91.0,650,7.1,6,3,Audi,hybrid,South Korea,101.0,7412
1.2000000000000002,88.0,619,6.5,8,5,Volkswagen,diesel,Sweden,101.0,6010
2.7000000000000015,187.0,1380,9.6,1,5,Audi,diesel,Czech Republic,101.0,19510
1.8000000000000007,123.0,852,8.1,4,5,Ford,gasoline,Italy,101.0,11778
2.9000000000000017,215.0,1456,10.2,13,3,Volvo,diesel,Spain,101.0,15319
3.200000000000002,209.0,1633,10.6,8,3,Toyota,hybrid,Germany,101.0,18426
2.100000000000001,133.0,1093,8.3,15,5,Peugeot,hybrid,Italy,101.0,7795
1.6000000000000005,114.0,815,7.3,4,3,BMW,hybrid,France,101.0,11182
3.0000000000000018,217.0,1490,,10,5,Ford,hybrid,South Korea,101.0,17567
2.9000000000000017,214.0,1431,10.2,13,5,Ford,hybrid,South Korea,101.0,15882
2.8000000000000016,192.0,1412,9.9,10,3,Fiat,diesel,Spain,101.0,14273
1.2000000000000002,98.0,636,6.8,12,5,Ford,gasoline,Germany,101.0,5175
3.0000000000000018,195.0,1491,10.2,12,3,Seat,gasoline,Sweden,101.0,14353
3.400000000000002,224.0,1716,11.0,8,3,BMW,diesel,Germany,101.0,18651
2.300000000000001,169.0,1186,8.7,14,5,Renault,gasoline,Italy,101.0,11432
3.300000000000002,229.0,1637,10.9,13,5,Volkswagen,hybrid,Germany,101.0,17341
2.6000000000000014,177.0,1258,9.7,14,3,Renault,diesel,France,101.0,11645
2.000000000000001,144.0,1034,,7,5,Volkswagen,diesel,France,101.0,12428
1.2000000000000002,91.0,623,6.7,0,3,Toyota,hybrid,France,101.0,11374
2.6000000000000014,194.0,1336,9.3,12,3,Toyota,gasoline,Italy,101.0,14006
2.9000000000000017,197.0,1400,10.3,9,5,Renault,gasoline,South Korea,101.0,16724
3.100000000000002,221.0,1513,10.6,10,3,Mercedes,diesel,Japan,101.0,17555
2.000000000000001,137.0,1020,8.3,6,3,Hyundai,hybrid,Japan,101.0,11069
1.4000000000000004,100.0,700,7.0,7,5,Volkswagen,gasoline,Spain,101.0,7157
1.1,87.0,509,6.4,9,5,Ford,gasoline,France,101.0,5081
2.4000000000000012,179.0,1196,9.1,14,5,Toyota,gasoline,Italy,101.0,10777
1.9000000000000008,142.0,946,7.9,8,5,Hyundai,diesel,Czech Republic,101.0,11194
3.0000000000000018,213.0,1507,10.1,10,3,Volvo,diesel,South Korea,101.0,17292
1.4000000000000004,90.0,701,7.1,12,5,Audi,diesel,Italy,101.0,4730
3.300000000000002,231.0,1600,10.7,10,3,Toyota,hybrid,Italy,101.0,19227
3.200000000000002,,1634,10.4,1,3,Mercedes,gasoline,Czech Republic,101.0,22696
3.300000000000002,234.0,1612,10.9,8,5,Peugeot,diesel,Italy,101.0,19595
2.8000000000000016,201.0,1390,9.7,4,5,Opel,gasoline,Spain,101.0,18641
3.500000000000002,255.0,1728,11.1,15,3,Audi,diesel,Italy,101.0,19368
1.2000000000000002,97.0,604,6.8,8,3,BMW,diesel,France,101.0,6367
3.0000000000000018,223.0,1478,10.3,1,3,Hyundai,gasoline,South Korea,101.0,22868
1.4000000000000004,97.0,669,7.3,12,3,Volvo,diesel,Sweden,101.0,5265
3.400000000000002,226.0,1735,11.3,7,5,Ford,diesel,Spain,101.0,19593
3.300000000000002,219.0,1644,11.0,7,5,Skoda,diesel,France,101.0,19178
3.200000000000002,237.0,1639,10.8,15,3,Volkswagen,gasoline,Czech Republic,101.0,16390
3.200000000000002,219.0,1561,10.6,0,3,Peugeot,hybrid,Germany,101.0,23060
2.100000000000001,136.0,1014,8.4,12,3,Seat,hybrid,Sweden,101.0,9784
2.000000000000001,148.0,953,8.2,11,5,Seat,gasoline,Czech Republic,101.0,10008
3.300000000000002,242.0,1677,10.9,11,3,Opel,hybrid,Czech Republic,101.0,18506
3.400000000000002,239.0,1691,10.9,5,5,Kia,gasoline,Sweden,101.0,22004
3.500000000000002,258.0,1723,11.2,9,5,Volkswagen,gasoline,Japan,101.0,21223
2.4000000000000012,170.0,1181,8.9,6,3,Ford,diesel,Sweden,101.0,15079
3.100000000000002,205.0,1547,10.5,13,3,Mercedes,gasoline,Sweden,101.0,14787
1.6000000000000005,99.0,756,7.6,12,5,Ford,gasoline,Italy,101.0,4798
2.8000000000000016,188.0,1403,9.8,6,5,Mercedes,hybrid,Italy,101.0,17300
3.400000000000002,223.0,1704,11.2,0,3,BMW,hybrid,France,101.0,23373
2.6000000000000014,193.0,1261,9.4,11,3,Mercedes,gasoline,Czech Republic,101.0,13932
2.7000000000000015,,1341,9.5,10,3,Volkswagen,diesel,Czech Republic,101.0,13283
3.0000000000000018,204.0,1494,10.0,5,5,Seat,hybrid,France,101.0,19725
2.300000000000001,154.0,1169,8.9,9,3,Peugeot,gasoline,South Korea,101.0,11900
1.9000000000000008,133.0,981,8.1,9,5,Volkswagen,hybrid,Sweden,101.0,9226
2.6000000000000014,,1283,9.4,10,3,Seat,hybrid,France,101.0,14971
2.6000000000000014,192.0,1331,9.6,8,5,Renault,diesel,Spain,101.0,15857
1.0,71.0,506,,8,3,Renault,hybrid,South Korea,101.0,5306
2.5000000000000013,167.0,1237,9.2,9,3,Toyota,diesel,Czech Republic,101.0,13465
1.4000000000000004,103.0,721,7.3,1,3,Toyota,hybrid,Japan,101.0,10187
3.200000000000002,224.0,1642,10.7,3,5,Seat,hybrid,Sweden,101.0,20846
1.0,84.0,485,6.4,5,5,BMW,gasoline,Italy,101.0,7388
2.9000000000000017,205.0,1491,10.1,6,5,Volvo,gasoline,Czech Republic,101.0,17957
1.2000000000000002,,553,6.6,9,5,BMW,gasoline,Italy,101.0,3629
2.000000000000001,136.0,973,8.2,13,3,Opel,hybrid,Germany,101.0,9157
2.300000000000001,150.0,1184,8.9,4,5,Skoda,hybrid,Spain,101.0,13719
2.6000000000000014,193.0,1324,9.7,6,5,Peugeot,diesel,Germany,101.0,16899
1.4000000000000004,102.0,736,6.8,2,5,Volvo,gasoline,Czech Republic,101.0,11239
1.2000000000000002,81.0,606,6.8,4,3,Opel,diesel,France,101.0,7047
2.5000000000000013,179.0,1277,9.1,3,3,Kia,hybrid,Czech Republic,101.0,17491
2.6000000000000014,183.0,1305,,8,3,BMW,gasoline,Sweden,101.0,15280
2.6000000000000014,169.0,1326,9.4,1,3,Opel,diesel,Czech Republic,101.0,18048
3.500000000000002,236.0,1703,11.4,2,5,Opel,gasoline,Czech Republic,101.0,23249
2.8000000000000016,189.0,1402,9.8,14,3,Fiat,diesel,Germany,101.0,13902
3.0000000000000018,202.0,1480,10.2,3,5,Fiat,gasoline,Czech Republic,101.0,20562
1.0,80.0,455,6.3,11,3,BMW,gasoline,France,101.0,2980
2.000000000000001,131.0,1010,8.4,12,5,Fiat,diesel,Spain,101.0,9274
1.4000000000000004,84.0,656,7.2,7,5,Peugeot,gasoline,Sweden,101.0,7178
1.1,87.0,517,6.4,10,3,Toyota,hybrid,Sweden,101.0,5416
1.2000000000000002,85.0,572,6.4,10,3,Volvo,gasoline,Sweden,101.0,4400
1.9000000000000008,142.0,955,7.8,0,5,Fiat,diesel,Czech Republic,101.0,16235
1.6000000000000005,121.0,772,7.5,8,3,Ford,gasoline,Italy,101.0,8810
2.5000000000000013,,1292,9.2,3,3,Kia,diesel,Sweden,101.0,17026
1.9000000000000008,120.0,991,8.2,15,5,Volkswagen,gasoline,Germany,101.0,6720
1.9000000000000008,139.0,914,8.2,0,3,Toyota,gasoline,Czech Republic,101.0,15972
1.7000000000000006,119.0,855,7.5,0,3,Seat,gasoline,Germany,101.0,12583
1.4000000000000004,104.0,673,7.2,8,5,Volvo,gasoline,Czech Republic,101.0,8616
1.3000000000000003,95.0,617,6.6,15,5,Kia,diesel,Germany,101.0,3880
2.100000000000001,146.0,1036,8.5,12,5,Kia,gasoline,Japan,101.0,10326
3.500000000000002,243.0,1765,11.2,1,3,Hyundai,hybrid,Czech Republic,101.0,24870
3.200000000000002,211.0,1597,10.5,4,5,Mercedes,hybrid,Germany,101.0,20152
2.9000000000000017,200.0,1407,9.8,9,5,Hyundai,diesel,Spain,101.0,16052
2.8000000000000016,190.0,1385,9.7,8,5,Mercedes,diesel,Sweden,101.0,16272
3.200000000000002,225.0,1636,10.8,11,3,Renault,hybrid,Czech Republic,101.0,18624
3.0000000000000018,207.0,1453,10.1,12,3,Audi,gasoline,Spain,101.0,15539
2.7000000000000015,198.0,1361,9.5,14,3,Opel,gasoline,Italy,101.0,13239
1.7000000000000006,126.0,854,7.8,6,3,Mercedes,hybrid,Germany,101.0,11004
2.300000000000001,157.0,1135,9.0,11,5,Audi,diesel,France,101.0,11858
2.7000000000000015,,1367,9.8,3,3,Volvo,gasoline,France,101.0,18943
3.100000000000002,226.0,1576,10.2,3,3,BMW,diesel,Spain,101.0,21600
3.400000000000002,252.0,1709,10.9,13,5,Kia,hybrid,Spain,101.0,18801
2.000000000000001,134.0,976,8.1,4,3,Toyota,hybrid,Spain,101.0,13408
3.100000000000002,203.0,1569,10.5,12,3,Volvo,diesel,France,101.0,14956
1.8000000000000007,140.0,860,7.7,6,5,BMW,hybrid,Spain,101.0,12691
2.8000000000000016,183.0,1400,9.8,3,5,Toyota,gasoline,South Korea,101.0,18184
3.500000000000002,237.0,1791,11.1,0,5,Renault,diesel,Germany,101.0,24442
1.8000000000000007,129.0,887,7.9,11,3,Hyundai,hybrid,Germany,101.0,8404
2.4000000000000012,174.0,1177,8.8,3,5,Hyundai,gasoline,Czech Republic,101.0,16273
2.9000000000000017,214.0,1465,10.2,4,3,Volvo,gasoline,Italy,101.0,19126
2.9000000000000017,213.0,1479,9.9,1,5,Seat,gasoline,South Korea,101.0,21110
2.8000000000000016,187.0,1393,10.0,2,5,Kia,diesel,Czech Republic,101.0,18309
2.100000000000001,133.0,1095,8.4,9,5,Audi,gasoline,Spain,101.0,9537
3.0000000000000018,198.0,1500,10.3,9,3,Opel,diesel,Italy,101.0,16642
2.300000000000001,159.0,1150,8.6,1,3,Opel,diesel,Germany,101.0,16146
2.6000000000000014,178.0,1347,9.4,4,5,Opel,gasoline,South Korea,101.0,15955
2.000000000000001,148.0,997,8.5,6,3,Volvo,hybrid,Spain,101.0,12260
2.4000000000000012,153.0,1246,9.0,11,3,Audi,gasoline,Germany,101.0,11701
1.7000000000000006,104.0,896,7.6,4,3,Opel,hybrid,Sweden,101.0,10092
3.200000000000002,212.0,1647,10.8,14,3,Opel,diesel,France,101.0,14814
2.9000000000000017,206.0,1463,10.2,8,5,Fiat,hybrid,Germany,101.0,16939
1.1,89.0,571,6.3,11,3,BMW,hybrid,Japan,101.0,5025
3.500000000000002,247.0,1792,11.0,10,3,BMW,gasoline,Spain,101.0,20744
2.8000000000000016,188.0,1390,9.7,0,5,BMW,gasoline,France,101.0,20413
1.0,60.0,534,6.3,2,5,Toyota,diesel,Japan,101.0,7100
1.7000000000000006,108.0,892,7.7,6,5,Volkswagen,hybrid,France,101.0,8640
2.000000000000001,136.0,1023,8.2,7,5,BMW,hybrid,Germany,101.0,11645
1.2000000000000002,84.0,584,6.9,8,5,Mercedes,hybrid,South Korea,101.0,6482
1.5000000000000004,107.0,721,7.1,15,5,Mercedes,hybrid,Spain,101.0,5350
3.400000000000002,248.0,1749,11.2,6,3,Audi,diesel,Spain,101.0,22176
2.000000000000001,140.0,950,8.2,12,5,Kia,diesel,Sweden,101.0,9242
1.3000000000000003,83.0,696,6.9,8,3,Toyota,hybrid,South Korea,101.0,5603
1.3000000000000003,88.0,624,6.8,6,5,Skoda,diesel,Germany,101.0,7881
2.200000000000001,158.0,1055,8.7,1,5,Mercedes,gasoline,Spain,101.0,16913
2.7000000000000015,203.0,1309,9.6,8,3,Opel,diesel,Japan,101.0,16652
3.200000000000002,219.0,1638,10.8,2,5,Ford,hybrid,Germany,101.0,22225
2.300000000000001,166.0,1185,8.7,8,3,Volkswagen,hybrid,Italy,101.0,13726
1.4000000000000004,110.0,707,7.2,12,3,Toyota,diesel,Japan,101.0,6293
3.100000000000002,,1523,10.3,14,3,Ford,gasoline,Sweden,101.0,15586
2.200000000000001,,1143,8.4,2,5,Renault,hybrid,Czech Republic,101.0,16857
1.9000000000000008,118.0,909,8.3,5,5,Peugeot,gasoline,South Korea,101.0,11496
1.6000000000000005,120.0,795,7.4,15,3,Mercedes,hybrid,Czech Republic,101.0,5713
1.2000000000000002,80.0,568,6.8,10,3,Opel,diesel,Italy,101.0,5190
2.300000000000001,155.0,1145,8.6,8,5,Renault,hybrid,Germany,101.0,12066
2.6000000000000014,177.0,1314,9.5,15,5,Mercedes,gasoline,France,101.0,11751
2.300000000000001,162.0,1186,9.0,2,5,Skoda,gasoline,Italy,101.0,16917
1.5000000000000004,96.0,766,7.0,0,3,Fiat,diesel,South Korea,101.0,11773
2.7000000000000015,190.0,1363,9.6,7,3,Ford,gasoline,Germany,101.0,16155
1.8000000000000007,131.0,908,8.1,8,3,Skoda,diesel,Czech Republic,101.0,10361
1.5000000000000004,90.0,747,7.4,2,3,Renault,diesel,Germany,101.0,9279
1.1,75.0,529,6.3,15,5,Mercedes,gasoline,Spain,101.0,2586
1.9000000000000008,,911,8.2,11,5,Opel,diesel,Czech Republic,101.0,7775
2.6000000000000014,168.0,1276,9.4,3,3,Volkswagen,hybrid,France,101.0,16139
2.4000000000000012,168.0,1187,9.1,13,5,Skoda,diesel,Italy,101.0,11029
1.8000000000000007,135.0,867,7.8,13,3,Toyota,hybrid,Czech Republic,101.0,8427
2.4000000000000012,179.0,1152,8.9,3,5,Volvo,diesel,Sweden,101.0,16521
1.1,87.0,555,6.5,4,3,BMW,hybrid,Spain,101.0,8192
3.300000000000002,234.0,1657,,11,3,Peugeot,hybrid,Czech Republic,101.0,19309
2.100000000000001,137.0,1019,8.2,4,5,Peugeot,gasoline,Germany,101.0,12166
1.7000000000000006,113.0,821,7.6,13,5,Kia,hybrid,Germany,101.0,6166
1.2000000000000002,80.0,613,6.7,10,3,Ford,gasoline,Japan,101.0,4476
1.8000000000000007,116.0,850,8.0,2,3,Seat,gasoline,Czech Republic,101.0,12231
2.000000000000001,154.0,963,8.0,4,3,Seat,diesel,Czech Republic,101.0,14180
1.6000000000000005,125.0,758,7.3,10,3,Ford,diesel,Spain,101.0,8923
1.3000000000000003,91.0,670,7.1,14,5,Peugeot,hybrid,Spain,101.0,4563
2.6000000000000014,171.0,1281,9.3,7,3,Renault,diesel,South Korea,101.0,15236
3.400000000000002,237.0,1658,,13,3,Seat,hybrid,South Korea,101.0,17936
1.1,86.0,572,6.5,3,5,Mercedes,diesel,Spain,101.0,8643
2.9000000000000017,204.0,1476,10.1,5,5,Seat,diesel,Italy,101.0,18953
2.200000000000001,145.0,1081,8.5,6,5,Kia,gasoline,Sweden,101.0,12989
2.100000000000001,140.0,1094,8.7,8,5,Volkswagen,hybrid,Sweden,101.0,11341
1.5000000000000004,,714,7.2,10,3,Hyundai,diesel,South Korea,101.0,6879
2.7000000000000015,174.0,1350,9.4,6,5,Mercedes,gasoline,Italy,101.0,15287
1.2000000000000002,70.0,562,6.7,1,5,Skoda,hybrid,France,101.0,9173
3.0000000000000018,215.0,1497,10.3,3,5,Opel,hybrid,Spain,101.0,20762
3.0000000000000018,214.0,1509,10.2,10,3,Toyota,gasoline,France,101.0,17680
2.7000000000000015,182.0,1374,,9,3,Peugeot,hybrid,Germany,101.0,15353
3.200000000000002,221.0,1605,10.6,1,3,Skoda,hybrid,France,101.0,21924
1.9000000000000008,118.0,945,8.1,4,3,Volvo,hybrid,Italy,101.0,10570
1.6000000000000005,117.0,771,7.6,7,3,Opel,hybrid,Germany,101.0,10374
1.8000000000000007,129.0,894,7.9,0,5,Hyundai,diesel,Czech Republic,101.0,13954
2.8000000000000016,181.0,1394,9.9,15,3,Seat,diesel,Czech Republic,101.0,11698
1.9000000000000008,145.0,950,8.1,7,3,Fiat,gasoline,Spain,101.0,11752
3.100000000000002,204.0,1544,10.6,12,3,Hyundai,hybrid,Italy,101.0,16127
2.4000000000000012,155.0,1239,9.2,1,5,BMW,diesel,Germany,101.0,15316
1.2000000000000002,91.0,623,6.7,1,5,Seat,hybrid,France,101.0,10384
2.6000000000000014,175.0,1264,9.3,15,5,Mercedes,gasoline,South Korea,101.0,10249
1.1,67.0,508,6.6,3,5,Kia,diesel,Sweden,101.0,6815
1.2000000000000002,74.0,644,6.8,4,5,Seat,gasoline,Germany,101.0,7668
1.9000000000000008,134.0,980,8.1,4,5,Opel,diesel,Italy,101.0,12811
2.7000000000000015,181.0,1342,9.8,12,5,Fiat,gasoline,South Korea,101.0,12546
2.6000000000000014,174.0,1259,9.6,4,5,Seat,gasoline,Japan,101.0,17420
1.2000000000000002,81.0,597,6.7,13,3,Ford,gasoline,Germany,101.0,3279
2.000000000000001,147.0,1002,8.3,10,3,Volkswagen,gasoline,South Korea,101.0,10688
2.100000000000001,145.0,1044,8.3,13,3,Volkswagen,gasoline,Italy,101.0,9225
2.7000000000000015,192.0,1378,9.6,14,3,Opel,hybrid,France,101.0,13294
1.1,81.0,500,6.4,1,5,Audi,diesel,Czech Republic,101.0,8333
1.6000000000000005,105.0,812,7.6,14,5,Skoda,gasoline,Sweden,101.0,4260
2.7000000000000015,177.0,1325,9.6,14,3,Peugeot,diesel,South Korea,101.0,11341
2.4000000000000012,156.0,1237,9.1,4,5,Volvo,gasoline,Italy,101.0,14004
1.6000000000000005,104.0,838,7.5,5,3,Fiat,diesel,Germany,101.0,9534
3.0000000000000018,196.0,1518,10.2,13,3,Fiat,gasoline,Japan,101.0,13280
3.300000000000002,239.0,1620,11.0,4,3,Skoda,gasoline,Czech Republic,101.0,21426
2.9000000000000017,204.0,1439,10.1,4,5,Toyota,gasoline,South Korea,101.0,18879
3.300000000000002,,1661,,14,3,Ford,hybrid,South Korea,101.0,17884
2.200000000000001,140.0,1081,8.6,4,5,Audi,hybrid,Germany,101.0,13186
1.1,,522,6.3,10,3,Renault,gasoline,Sweden,101.0,4844
1.2000000000000002,95.0,596,6.6,6,5,Renault,hybrid,Japan,101.0,7381
1.3000000000000003,86.0,652,,8,5,Seat,gasoline,Italy,101.0,6451
2.300000000000001,157.0,1132,8.8,4,5,Peugeot,gasoline,Czech Republic,101.0,14352
1.5000000000000004,111.0,731,7.2,4,5,Renault,diesel,South Korea,101.0,11310
3.200000000000002,229.0,1645,10.5,14,3,Hyundai,hybrid,South Korea,101.0,16259
1.2000000000000002,77.0,550,6.8,4,3,Renault,hybrid,Germany,101.0,6731
1.8000000000000007,127.0,937,7.7,7,3,Peugeot,gasoline,Japan,101.0,9921
1.9000000000000008,,989,8.3,12,3,Audi,hybrid,Spain,101.0,8241
3.200000000000002,210.0,1648,10.5,0,3,Peugeot,gasoline,Japan,101.0,22676
3.400000000000002,249.0,1712,11.1,12,3,Seat,gasoline,Sweden,101.0,19361
1.0,65.0,467,6.0,1,3,BMW,diesel,South Korea,101.0,6899
2.5000000000000013,174.0,1291,9.4,3,5,Volkswagen,hybrid,Spain,101.0,16965
1.1,70.0,528,6.4,3,3,Renault,diesel,Italy,101.0,8021
2.100000000000001,149.0,1089,8.6,2,5,Fiat,hybrid,South Korea,101.0,14255
3.400000000000002,245.0,1656,11.1,9,5,Audi,diesel,Japan,101.0,20285
2.9000000000000017,192.0,1434,10.0,11,5,BMW,hybrid,South Korea,101.0,14075
3.0000000000000018,203.0,1504,10.5,4,3,Kia,diesel,Spain,101.0,19455
2.6000000000000014,189.0,1284,,15,5,Renault,hybrid,France,101.0,12698
3.300000000000002,235.0,1669,10.7,12,3,Peugeot,diesel,South Korea,101.0,18920
2.4000000000000012,158.0,1238,8.9,15,5,Kia,gasoline,Sweden,101.0,9108
3.100000000000002,229.0,1500,10.7,1,5,Volkswagen,hybrid,South Korea,101.0,23632
3.400000000000002,229.0,1707,11.1,2,5,Mercedes,diesel,France,101.0,21934
2.100000000000001,159.0,1066,8.4,12,5,Mercedes,hybrid,Italy,101.0,9823
1.8000000000000007,131.0,892,7.7,15,3,Opel,gasoline,France,101.0,6599
1.7000000000000006,,859,7.8,9,3,Fiat,hybrid,France,101.0,9188
1.9000000000000008,130.0,963,8.2,1,5,Fiat,hybrid,South Korea,101.0,13669
1.7000000000000006,104.0,808,7.5,8,5,Skoda,diesel,South Korea,101.0,8977
1.0,69.0,487,6.3,6,5,Volvo,gasoline,Sweden,101.0,6447
2.9000000000000017,196.0,1453,,14,3,Hyundai,gasoline,Czech Republic,101.0,14434
1.6000000000000005,125.0,789,7.6,15,3,Audi,gasoline,France,101.0,6773
1.2000000000000002,74.0,572,6.9,2,3,Fiat,hybrid,Italy,101.0,7775
1.7000000000000006,107.0,816,7.8,13,5,Fiat,gasoline,Italy,101.0,6363
2.7000000000000015,193.0,1317,9.7,14,5,Skoda,gasoline,Italy,101.0,13222
2.6000000000000014,186.0,1311,9.4,7,5,Fiat,diesel,Czech Republic,101.0,16318
1.8000000000000007,113.0,932,7.9,5,3,Volvo,diesel,South Korea,101.0,9569
3.100000000000002,220.0,1564,10.5,3,5,Mercedes,hybrid,Czech Republic,101.0,21103
2.4000000000000012,153.0,1241,9.1,14,3,Skoda,gasoline,Germany,101.0,9299
3.100000000000002,215.0,1576,10.7,4,3,Fiat,diesel,Germany,101.0,21228
2.9000000000000017,197.0,1406,10.2,9,3,BMW,hybrid,Czech Republic,101.0,15916
1.8000000000000007,117.0,879,7.7,14,3,Kia,hybrid,Sweden,101.0,7070
2.200000000000001,162.0,1074,8.5,5,5,Peugeot,gasoline,Czech Republic,101.0,15637
2.4000000000000012,174.0,1186,9.1,6,5,Toyota,gasoline,Italy,101.0,15694
1.5000000000000004,114.0,792,7.4,6,3,Audi,diesel,Czech Republic,101.0,9236
1.1,75.0,541,6.5,3,5,Mercedes,diesel,France,101.0,8221
3.100000000000002,,1547,10.4,13,3,Seat,hybrid,Japan,101.0,17370
1.7000000000000006,112.0,845,7.5,15,3,Hyundai,diesel,France,101.0,5163
2.8000000000000016,207.0,1443,10.1,2,5,Peugeot,diesel,South Korea,101.0,21126
2.5000000000000013,160.0,1219,9.2,8,5,Peugeot,gasoline,Germany,101.0,12717
1.5000000000000004,108.0,719,7.1,12,3,Ford,gasoline,Japan,101.0,6064
2.100000000000001,146.0,1035,8.6,13,3,Audi,gasoline,Germany,101.0,8586
2.4000000000000012,171.0,1230,9.1,10,3,Volvo,diesel,Japan,101.0,12161
2.100000000000001,140.0,1036,8.2,15,3,Hyundai,hybrid,South Korea,101.0,8652
1.6000000000000005,116.0,823,7.5,10,3,Peugeot,hybrid,Italy,101.0,7668
1.7000000000000006,110.0,840,7.9,11,3,BMW,diesel,South Korea,101.0,7915
1.4000000000000004,107.0,724,7.2,4,5,Kia,gasoline,France,101.0,9567
1.9000000000000008,136.0,934,,15,3,Kia,gasoline,Sweden,101.0,8000
3.0000000000000018,210.0,1501,10.3,14,5,Ford,diesel,Japan,101.0,14499
3.300000000000002,216.0,1641,11.0,7,3,Fiat,diesel,Czech Republic,101.0,19234
2.6000000000000014,189.0,1343,9.6,12,5,Kia,hybrid,Japan,101.0,13954
1.2000000000000002,77.0,649,6.9,8,5,BMW,gasoline,Japan,101.0,4806
3.200000000000002,224.0,1574,10.7,14,5,Volkswagen,hybrid,France,101.0,15918
2.4000000000000012,169.0,1166,9.2,1,5,Renault,gasoline,Sweden,101.0,17910
3.300000000000002,221.0,1614,,0,5,Ford,diesel,France,101.0,23824
2.300000000000001,156.0,1115,9.0,0,3,Seat,hybrid,Italy,101.0,17021
2.200000000000001,155.0,1064,8.7,1,3,Toyota,diesel,France,101.0,16183
1.8000000000000007,131.0,943,8.1,6,3,BMW,diesel,Spain,101.0,10375
1.6000000000000005,110.0,806,7.4,7,3,Kia,diesel,Japan,101.0,8209
1.9000000000000008,144.0,973,8.2,13,3,Mercedes,hybrid,South Korea,101.0,9667
2.300000000000001,175.0,1135,8.7,10,5,Audi,diesel,Sweden,101.0,13089
2.7000000000000015,200.0,1388,9.5,11,5,Skoda,gasoline,Germany,101.0,15459
1.3000000000000003,96.0,618,6.7,15,3,Volkswagen,diesel,Italy,101.0,4314
3.500000000000002,244.0,1710,11.3,0,3,Opel,hybrid,Sweden,101.0,25827
2.200000000000001,165.0,1097,8.4,4,5,Kia,diesel,Italy,101.0,14710
1.2000000000000002,76.0,599,6.7,0,3,Ford,diesel,Czech Republic,101.0,9171
2.9000000000000017,189.0,1430,,3,5,Audi,gasoline,Italy,101.0,17525
2.200000000000001,149.0,1129,8.6,14,5,Mercedes,hybrid,France,101.0,9342
1.1,90.0,534,6.3,14,3,Hyundai,diesel,Germany,101.0,4047
2.9000000000000017,207.0,1472,10.2,0,3,Opel,hybrid,Spain,101.0,21593
1.2000000000000002,81.0,606,6.8,11,3,Mercedes,hybrid,South Korea,101.0,5167
2.300000000000001,149.0,1188,9.0,11,5,Renault,gasoline,Italy,101.0,9941
2.100000000000001,153.0,1004,8.7,10,3,Fiat,gasoline,Italy,101.0,11431
3.500000000000002,255.0,1703,11.2,6,5,Opel,hybrid,France,101.0,22647
3.200000000000002,214.0,1600,,15,3,Volvo,diesel,Spain,101.0,15372
1.4000000000000004,98.0,724,6.9,7,5,Peugeot,hybrid,Spain,101.0,6777
1.3000000000000003,90.0,608,6.7,5,5,Mercedes,gasoline,Italy,101.0,8748
2.7000000000000015,196.0,1337,9.8,4,3,BMW,gasoline,Japan,101.0,17452
1.2000000000000002,84.0,585,6.7,15,5,Seat,gasoline,Czech Republic,101.0,3369
2.4000000000000012,178.0,1183,8.9,8,5,Opel,diesel,Italy,101.0,14040
2.200000000000001,156.0,1096,8.4,13,5,Volvo,diesel,France,101.0,9613
2.4000000000000012,154.0,1218,9.0,12,3,Toyota,hybrid,Czech Republic,101.0,10734
3.100000000000002,218.0,1520,10.6,0,5,Ford,hybrid,Czech Republic,101.0,22653
1.8000000000000007,115.0,922,7.7,7,3,Kia,gasoline,Germany,101.0,9467
1.2000000000000002,96.0,632,6.9,0,3,Toyota,gasoline,Spain,101.0,11169
3.200000000000002,215.0,1572,10.7,14,5,Volkswagen,gasoline,Germany,101.0,16234
2.4000000000000012,157.0,1159,9.1,13,3,Seat,gasoline,Czech Republic,101.0,11309
3.200000000000002,237.0,1583,10.5,13,3,Toyota,diesel,Spain,101.0,17585
2.100000000000001,135.0,1032,8.2,10,5,Toyota,gasoline,Sweden,101.0,9409
2.200000000000001,149.0,1077,8.5,2,3,Mercedes,diesel,Italy,101.0,14277
2.000000000000001,151.0,980,8.3,11,3,Volvo,diesel,Germany,101.0,11421
2.200000000000001,158.0,1127,8.6,12,5,Peugeot,hybrid,Italy,101.0,11172
2.7000000000000015,178.0,1317,9.6,12,5,Opel,hybrid,France,101.0,13086
2.8000000000000016,195.0,1428,10.0,0,3,Toyota,hybrid,Spain,101.0,20412
3.200000000000002,238.0,1635,10.5,12,3,Skoda,gasoline,Sweden,101.0,19006
3.300000000000002,230.0,1684,11.0,2,5,Renault,gasoline,Germany,101.0,22741
1.8000000000000007,133.0,889,7.6,13,5,Audi,diesel,Japan,101.0,8718
2.300000000000001,163.0,1190,9.0,4,3,Peugeot,gasoline,France,101.0,15761
2.9000000000000017,211.0,1419,10.3,8,5,Peugeot,diesel,Spain,101.0,18069
3.300000000000002,220.0,1633,10.6,5,3,Opel,hybrid,South Korea,101.0,21340
3.500000000000002,247.0,1754,11.0,0,5,BMW,diesel,Czech Republic,101.0,26185
3.200000000000002,232.0,1555,10.7,2,3,Audi,diesel,Japan,101.0,22793
2.000000000000001,152.0,960,8.4,9,3,Audi,gasoline,Italy,101.0,10769
1.0,58.0,506,6.4,6,3,Seat,diesel,Italy,101.0,5043
1.4000000000000004,94.0,654,6.8,4,3,Mercedes,gasoline,Japan,101.0,8502
1.8000000000000007,125.0,863,7.9,2,3,Hyundai,hybrid,Sweden,101.0,12743
2.8000000000000016,203.0,1389,10.0,1,5,Audi,gasoline,Spain,101.0,20527
3.400000000000002,224.0,1656,10.9,0,3,Ford,gasoline,South Korea,101.0,23524
1.8000000000000007,126.0,918,7.7,10,3,Fiat,hybrid,Sweden,101.0,8495
3.200000000000002,224.0,1595,10.4,15,5,Ford,diesel,Sweden,101.0,16054
3.400000000000002,235.0,1737,11.1,3,5,Volvo,gasoline,South Korea,101.0,22242
1.2000000000000002,91.0,575,6.7,6,3,Hyundai,diesel,Italy,101.0,6503
1.5000000000000004,103.0,738,7.3,7,3,BMW,hybrid,Italy,101.0,8813
1.5000000000000004,110.0,742,7.5,9,3,Kia,diesel,Sweden,101.0,8285
3.100000000000002,231.0,1586,10.7,2,3,Fiat,gasoline,South Korea,101.0,23030
3.200000000000002,209.0,1554,10.7,6,5,Skoda,hybrid,Japan,101.0,18675
2.8000000000000016,204.0,1428,9.7,12,3,Mercedes,gasoline,Spain,101.0,15263
2.200000000000001,,1052,8.5,14,3,Mercedes,hybrid,Sweden,101.0,10285
3.0000000000000018,224.0,1458,10.4,3,3,Hyundai,hybrid,Sweden,101.0,21426
2.200000000000001,167.0,1091,8.8,9,5,Opel,diesel,Japan,101.0,13953
2.100000000000001,161.0,1001,8.5,14,5,Hyundai,gasoline,Italy,101.0,10695
1.5000000000000004,90.0,736,7.3,11,3,Audi,diesel,Czech Republic,101.0,4875
1.5000000000000004,104.0,734,7.1,4,3,Opel,gasoline,Italy,101.0,9359
2.6000000000000014,175.0,1269,9.6,5,5,Hyundai,gasoline,Italy,101.0,15680
1.7000000000000006,128.0,803,7.8,13,3,Kia,hybrid,Spain,101.0,7240
2.8000000000000016,191.0,1389,9.8,5,5,Audi,hybrid,Italy,101.0,17349
2.9000000000000017,199.0,1433,10.2,0,5,Opel,diesel,Spain,101.0,20309
2.5000000000000013,188.0,1287,9.4,9,5,Fiat,diesel,Germany,101.0,15946
3.500000000000002,238.0,1786,11.1,12,3,Renault,hybrid,France,101.0,19027
3.0000000000000018,221.0,1527,10.4,11,5,Peugeot,diesel,Spain,101.0,16182
1.6000000000000005,100.0,831,7.7,9,3,Volkswagen,hybrid,Italy,101.0,6252
1.9000000000000008,125.0,980,,8,5,Toyota,gasoline,Italy,101.0,10465
3.0000000000000018,,1485,10.5,3,3,Volkswagen,gasoline,Spain,101.0,18429
1.3000000000000003,77.0,677,6.8,14,3,Hyundai,diesel,Spain,101.0,1685
1.7000000000000006,126.0,873,7.5,9,5,Mercedes,diesel,France,101.0,9470
3.200000000000002,230.0,1638,10.5,6,5,Audi,diesel,Czech Republic,101.0,21186
2.8000000000000016,185.0,1417,9.7,13,5,Mercedes,diesel,Czech Republic,101.0,12462
2.100000000000001,155.0,1055,8.7,10,5,Volvo,hybrid,Sweden,101.0,12423
1.2000000000000002,77.0,550,6.7,2,5,Volvo,gasoline,Spain,101.0,7957
1.8000000000000007,116.0,930,8.1,6,3,Volvo,gasoline,Spain,101.0,10887
2.9000000000000017,216.0,1430,10.0,1,5,Kia,gasoline,South Korea,101.0,21276
1.8000000000000007,123.0,885,8.0,12,5,Fiat,gasoline,Spain,101.0,7699
2.000000000000001,143.0,987,8.1,13,3,Ford,hybrid,France,101.0,8150
1.3000000000000003,80.0,607,6.7,1,3,Fiat,hybrid,Italy,101.0,9670
1.0,64.0,547,6.1,8,3,Hyundai,hybrid,Germany,101.0,4414
3.400000000000002,234.0,1717,11.3,9,5,Volkswagen,gasoline,Sweden,101.0,20240
2.300000000000001,157.0,1102,8.7,15,5,Volvo,diesel,Sweden,101.0,8485
1.5000000000000004,,754,7.4,3,5,Mercedes,gasoline,Italy,101.0,10989
1.0,75.0,476,6.0,3,5,Fiat,hybrid,Italy,101.0,7632
1.6000000000000005,124.0,802,7.3,9,3,Mercedes,diesel,Spain,101.0,8220
3.300000000000002,217.0,1691,10.9,3,3,Volvo,hybrid,Czech Republic,101.0,21871
3.500000000000002,232.0,1760,,3,5,Volvo,diesel,Spain,101.0,21986
1.6000000000000005,112.0,778,7.7,5,5,BMW,hybrid,Spain,101.0,9258
3.100000000000002,220.0,1517,,9,5,Opel,hybrid,Sweden,101.0,17620
1.0,64.0,494,6.1,10,3,Fiat,diesel,France,101.0,3260
2.9000000000000017,191.0,1455,9.9,0,5,Kia,diesel,Sweden,101.0,19281
2.4000000000000012,,1165,9.2,9,3,Kia,gasoline,South Korea,101.0,13132
3.0000000000000018,197.0,1502,10.2,4,5,Mercedes,diesel,South Korea,101.0,19235
3.500000000000002,243.0,1740,11.2,9,3,Kia,hybrid,Czech Republic,101.0,19982
2.6000000000000014,168.0,1292,9.4,14,5,Volkswagen,gasoline,Japan,101.0,10787
2.8000000000000016,,1396,10.0,12,5,Volvo,hybrid,South Korea,101.0,14543
2.100000000000001,138.0,1009,8.3,12,5,Opel,gasoline,South Korea,101.0,9241
2.300000000000001,164.0,1161,9.0,2,5,Toyota,gasoline,Italy,101.0,15637
3.100000000000002,204.0,1591,10.6,11,5,BMW,hybrid,Italy,101.0,15353
1.9000000000000008,118.0,989,7.8,9,5,Peugeot,hybrid,Sweden,101.0,8167
1.2000000000000002,90.0,581,6.4,10,3,Renault,gasoline,Spain,101.0,5694
2.9000000000000017,211.0,1481,9.9,11,5,Opel,diesel,France,101.0,15817
2.200000000000001,164.0,1094,8.9,11,3,Audi,diesel,Japan,101.0,12113
1.1,87.0,552,6.7,3,5,Kia,hybrid,Sweden,101.0,8917
2.100000000000001,,1076,8.4,10,3,Ford,gasoline,Germany,101.0,12251
3.100000000000002,225.0,1561,10.2,15,3,Mercedes,diesel,France,101.0,16067
2.4000000000000012,157.0,1183,,1,3,Kia,gasoline,Germany,101.0,16339
2.000000000000001,152.0,1042,8.1,0,5,Fiat,hybrid,Italy,101.0,15569
1.0,65.0,473,6.1,4,5,Kia,diesel,Spain,101.0,6876
3.400000000000002,226.0,1667,10.9,6,3,Mercedes,hybrid,Sweden,101.0,20627
1.3000000000000003,85.0,690,6.8,6,3,Seat,hybrid,South Korea,101.0,7580
2.9000000000000017,206.0,1493,10.2,5,3,Ford,diesel,Japan,101.0,19031
2.5000000000000013,173.0,1235,9.2,3,3,Seat,gasoline,Czech Republic,101.0,17439
1.7000000000000006,125.0,891,7.5,11,5,Mercedes,hybrid,Italy,101.0,7601
2.300000000000001,,1132,8.9,15,5,Toyota,hybrid,South Korea,101.0,8161
2.9000000000000017,198.0,1472,10.3,1,3,Volkswagen,hybrid,Czech Republic,101.0,20979
3.300000000000002,216.0,1683,10.9,13,3,Volkswagen,hybrid,Germany,101.0,15267
1.9000000000000008,128.0,970,7.9,8,5,Opel,hybrid,Czech Republic,101.0,9942
1.4000000000000004,83.0,718,7.0,12,5,Mercedes,hybrid,Italy,101.0,3645
1.2000000000000002,77.0,611,6.6,2,3,Seat,gasoline,Germany,101.0,8409
3.100000000000002,223.0,1570,10.3,8,5,Ford,diesel,Germany,101.0,18665
1.2000000000000002,81.0,567,6.6,5,5,Fiat,gasoline,Germany,101.0,7672
3.0000000000000018,219.0,1487,10.3,9,5,Peugeot,gasoline,Czech Republic,101.0,18080
1.9000000000000008,121.0,919,7.8,14,3,Toyota,hybrid,Sweden,101.0,6541
1.2000000000000002,73.0,626,6.7,15,5,Volvo,gasoline,Czech Republic,101.0,1523
1.5000000000000004,106.0,783,7.3,15,3,Renault,diesel,France,101.0,5333
2.5000000000000013,182.0,1276,9.2,3,3,Volvo,hybrid,Czech Republic,101.0,16592
1.1,84.0,510,6.5,12,5,Opel,gasoline,Spain,101.0,3951
2.8000000000000016,206.0,1413,9.9,4,5,Ford,hybrid,France,101.0,18356
2.7000000000000015,174.0,1337,9.4,10,5,Renault,gasoline,Japan,101.0,13558
3.300000000000002,237.0,1613,11.0,11,3,Fiat,diesel,Italy,101.0,18309
2.5000000000000013,161.0,1276,9.3,3,3,BMW,gasoline,Spain,101.0,16611
1.4000000000000004,106.0,663,6.8,12,3,Audi,hybrid,South Korea,101.0,6279
1.7000000000000006,133.0,869,,1,5,Seat,gasoline,Germany,101.0,14275
1.2000000000000002,78.0,601,6.5,6,5,Peugeot,gasoline,Sweden,101.0,6991
1.8000000000000007,137.0,896,8.1,1,3,Volvo,hybrid,Czech Republic,101.0,14673
2.000000000000001,128.0,1002,8.3,8,3,Audi,gasoline,South Korea,101.0,10729
1.0,60.0,494,6.1,10,5,Peugeot,diesel,Spain,101.0,2916
2.300000000000001,167.0,1127,8.9,6,3,Peugeot,gasoline,South Korea,101.0,14454
1.8000000000000007,134.0,855,7.8,0,5,Mercedes,gasoline,Czech Republic,101.0,15238
3.500000000000002,239.0,1754,11.4,1,5,Ford,gasoline,Italy,101.0,24401
1.9000000000000008,138.0,954,8.0,12,3,Volkswagen,gasoline,Italy,101.0,8824
1.9000000000000008,146.0,954,8.0,3,5,Hyundai,gasoline,France,101.0,14096
2.100000000000001,155.0,1029,8.6,6,5,Hyundai,gasoline,Italy,101.0,14066
1.3000000000000003,82.0,678,7.1,1,5,Kia,diesel,Spain,101.0,9797
1.9000000000000008,141.0,941,7.9,6,3,BMW,diesel,Italy,101.0,12166
2.7000000000000015,178.0,1374,9.5,13,3,Kia,hybrid,Germany,101.0,12630
2.7000000000000015,187.0,1398,9.7,15,5,Volvo,gasoline,Spain,101.0,12835
3.100000000000002,205.0,1571,10.4,9,5,Fiat,gasoline,Germany,101.0,17668
3.500000000000002,244.0,1774,11.5,0,5,Volkswagen,diesel,South Korea,101.0,25030
1.6000000000000005,107.0,789,7.3,7,3,Opel,hybrid,Czech Republic,101.0,8897
2.000000000000001,154.0,1049,8.4,1,3,BMW,diesel,Czech Republic,101.0,16379
3.300000000000002,217.0,1666,11.0,0,5,Toyota,diesel,South Korea,101.0,22368
3.500000000000002,239.0,1752,11.1,0,5,Volkswagen,gasoline,Czech Republic,101.0,24985
3.100000000000002,211.0,1575,10.3,2,3,Toyota,diesel,Japan,101.0,20402
1.9000000000000008,,978,8.2,12,5,Audi,gasoline,Czech Republic,101.0,8731
2.7000000000000015,175.0,1360,9.6,13,5,Ford,hybrid,Japan,101.0,13112
1.0,57.0,466,6.4,0,3,Renault,gasoline,Germany,101.0,8149
1.5000000000000004,119.0,741,7.1,15,3,Renault,hybrid,Spain,101.0,5192
2.8000000000000016,182.0,1357,10.0,1,5,Volvo,hybrid,South Korea,101.0,19133
2.100000000000001,152.0,1023,8.3,3,5,BMW,hybrid,Italy,101.0,15696
2.000000000000001,144.0,1028,8.5,13,5,Kia,gasoline,South Korea,101.0,8369
1.8000000000000007,119.0,933,8.0,8,3,Fiat,gasoline,Japan,101.0,9940
2.9000000000000017,,1401,10.3,5,5,Ford,hybrid,Czech Republic,101.0,17378
2.100000000000001,142.0,1034,8.4,7,3,Fiat,diesel,Italy,101.0,12100
2.6000000000000014,195.0,1337,9.4,13,5,Kia,hybrid,Czech Republic,101.0,12798
2.8000000000000016,183.0,1424,9.6,6,3,Volvo,gasoline,Czech Republic,101.0,17170
1.3000000000000003,84.0,680,6.9,8,5,Renault,gasoline,Sweden,101.0,5608
2.300000000000001,151.0,1139,9.0,6,3,Ford,diesel,Japan,101.0,13841
2.8000000000000016,194.0,1389,10.1,10,5,Kia,diesel,Sweden,101.0,15528
1.6000000000000005,107.0,834,7.6,5,5,Fiat,hybrid,Germany,101.0,10530
2.200000000000001,140.0,1145,8.9,2,5,Seat,hybrid,France,101.0,13731
3.300000000000002,243.0,1638,10.6,2,3,Skoda,diesel,South Korea,101.0,23352
1.4000000000000004,87.0,691,,4,5,Ford,gasoline,Italy,101.0,8043
2.6000000000000014,168.0,1320,9.5,8,5,Kia,hybrid,France,101.0,14222
1.2000000000000002,87.0,627,,8,3,Seat,diesel,Sweden,101.0,5911
2.4000000000000012,160.0,1226,,15,3,Renault,diesel,Sweden,101.0,10034
1.1,71.0,556,6.6,7,5,Volkswagen,hybrid,Sweden,101.0,4722
1.6000000000000005,120.0,849,7.4,15,3,Skoda,gasoline,Italy,101.0,5113
2.7000000000000015,177.0,1395,9.4,14,5,Volkswagen,hybrid,Spain,101.0,12393
3.100000000000002,202.0,1549,10.5,12,3,BMW,gasoline,Sweden,101.0,16090
3.200000000000002,234.0,1601,10.7,14,3,Fiat,gasoline,Spain,101.0,17145
3.500000000000002,237.0,1738,11.3,8,3,Mercedes,diesel,Sweden,101.0,20362
1.5000000000000004,107.0,741,7.0,8,5,Kia,gasoline,South Korea,101.0,8895
1.9000000000000008,125.0,939,8.2,8,3,Audi,gasoline,Spain,101.0,10881
2.8000000000000016,,1422,9.6,12,3,Opel,gasoline,Germany,101.0,14142
3.100000000000002,219.0,1572,10.7,10,3,Seat,diesel,Germany,101.0,17955
1.3000000000000003,82.0,685,7.0,6,5,Mercedes,gasoline,Spain,101.0,7104
2.9000000000000017,215.0,1464,10.3,5,5,Volkswagen,gasoline,Spain,101.0,18890
1.3000000000000003,82.0,600,7.0,5,3,Kia,diesel,France,101.0,6791
3.500000000000002,233.0,1714,11.5,10,5,Opel,hybrid,South Korea,101.0,18738
2.9000000000000017,200.0,1443,10.1,5,3,Opel,diesel,France,101.0,17985
3.300000000000002,220.0,1611,10.8,14,5,BMW,diesel,Sweden,101.0,15465
2.8000000000000016,192.0,1353,9.7,14,3,Mercedes,gasoline,South Korea,101.0,13205
1.3000000000000003,103.0,641,6.9,7,5,Peugeot,diesel,Germany,101.0,8519
3.500000000000002,230.0,1750,11.5,11,5,BMW,gasoline,Spain,101.0,17607
2.200000000000001,145.0,1130,8.5,2,3,Volvo,gasoline,Italy,101.0,14649
2.300000000000001,152.0,1115,8.8,15,5,Seat,diesel,Sweden,101.0,9765
2.6000000000000014,173.0,1327,9.7,11,5,Mercedes,diesel,Spain,101.0,12021
1.0,70.0,526,6.2,11,3,Audi,diesel,France,101.0,3872
1.2000000000000002,86.0,643,6.5,10,5,Hyundai,gasoline,South Korea,101.0,4646
2.000000000000001,151.0,968,8.2,2,5,BMW,diesel,Czech Republic,101.0,15056
1.5000000000000004,113.0,759,7.2,8,3,Kia,hybrid,France,101.0,8288
1.7000000000000006,116.0,817,7.7,15,3,Opel,hybrid,Germany,101.0,5533
1.1,75.0,570,6.6,2,5,Peugeot,hybrid,France,101.0,8440
1.2000000000000002,90.0,555,6.8,12,5,Audi,diesel,France,101.0,4882
2.5000000000000013,161.0,1201,9.0,3,5,Ford,hybrid,Czech Republic,101.0,15388
2.4000000000000012,158.0,1238,9.1,8,3,Fiat,gasoline,Spain,101.0,13698
2.100000000000001,152.0,1014,8.3,4,3,BMW,hybrid,Spain,101.0,14940
3.100000000000002,231.0,1561,10.7,1,3,Mercedes,gasoline,Japan,101.0,22861
2.6000000000000014,172.0,1310,9.5,0,5,Fiat,hybrid,Germany,101.0,18665
2.6000000000000014,180.0,1343,9.3,11,5,Skoda,gasoline,Czech Republic,101.0,13433
3.500000000000002,235.0,1732,11.0,0,5,Mercedes,diesel,Czech Republic,101.0,25152
1.4000000000000004,87.0,716,7.2,10,3,Volvo,diesel,Italy,101.0,5476
2.8000000000000016,210.0,1383,9.8,7,5,Seat,gasoline,Italy,101.0,18407
2.6000000000000014,188.0,1331,9.2,10,3,Peugeot,diesel,Spain,101.0,13924
2.5000000000000013,178.0,1284,9.1,0,3,Audi,diesel,Germany,101.0,17897
2.9000000000000017,215.0,1499,10.2,9,3,Mercedes,hybrid,Germany,101.0,17394
2.5000000000000013,184.0,1280,9.1,4,5,Fiat,diesel,Germany,101.0,18082
3.0000000000000018,207.0,1526,10.3,10,3,Volvo,diesel,South Korea,101.0,15967
2.8000000000000016,210.0,1369,9.9,3,3,Hyundai,hybrid,Sweden,101.0,20356
1.3000000000000003,89.0,643,6.9,15,5,Volvo,diesel,Sweden,101.0,3776
2.9000000000000017,204.0,1427,9.9,4,3,Toyota,hybrid,Czech Republic,101.0,19627
2.7000000000000015,190.0,1374,9.7,4,5,Skoda,gasoline,Spain,101.0,16911
1.1,74.0,568,6.5,1,3,Audi,diesel,Sweden,101.0,8151
3.200000000000002,214.0,1580,10.7,5,3,Kia,hybrid,South Korea,101.0,18957
2.7000000000000015,,1385,9.4,3,3,Skoda,hybrid,Japan,101.0,19279
3.100000000000002,222.0,1500,10.6,0,3,Peugeot,gasoline,Czech Republic,101.0,23500
2.000000000000001,152.0,978,8.1,5,3,Toyota,gasoline,Germany,101.0,12854
3.200000000000002,213.0,1582,,14,3,Hyundai,gasoline,Japan,101.0,14859
3.200000000000002,231.0,1569,10.6,11,5,Fiat,diesel,Czech Republic,101.0,17447
1.1,82.0,580,6.4,6,3,Mercedes,gasoline,Spain,101.0,6586
1.0,68.0,494,6.4,4,3,Hyundai,gasoline,South Korea,101.0,7376
3.0000000000000018,223.0,1515,10.3,4,5,Mercedes,gasoline,France,101.0,21447
1.8000000000000007,133.0,929,8.1,11,3,Kia,gasoline,France,101.0,8681
2.000000000000001,137.0,967,8.2,11,5,Fiat,diesel,South Korea,101.0,10196
2.9000000000000017,217.0,1453,10.1,15,5,Hyundai,hybrid,Italy,101.0,14342
1.0,79.0,506,6.5,2,5,Ford,diesel,France,101.0,7401
1.6000000000000005,119.0,829,7.5,6,5,Hyundai,gasoline,Sweden,101.0,10078
2.6000000000000014,174.0,1329,9.4,7,3,Toyota,gasoline,Czech Republic,101.0,14940
2.7000000000000015,178.0,1399,9.7,9,5,Opel,diesel,South Korea,101.0,14661
1.2000000000000002,74.0,622,6.8,4,3,Renault,gasoline,Sweden,101.0,6972
2.200000000000001,139.0,1147,8.5,14,5,Opel,diesel,Japan,101.0,8253
3.400000000000002,239.0,1690,11.0,0,5,Seat,gasoline,Germany,101.0,24638
2.000000000000001,131.0,998,8.3,0,3,Volkswagen,hybrid,Spain,101.0,15332
1.7000000000000006,107.0,885,7.6,12,3,BMW,gasoline,Spain,101.0,5524
2.8000000000000016,181.0,1404,9.8,4,3,Hyundai,hybrid,Czech Republic,101.0,17122
2.6000000000000014,182.0,1337,9.4,12,3,Audi,diesel,Italy,101.0,13939
2.100000000000001,139.0,1003,8.7,9,3,Hyundai,hybrid,Italy,101.0,11228
2.100000000000001,157.0,1024,8.2,9,5,Seat,diesel,France,101.0,11739
3.500000000000002,255.0,1779,11.0,13,5,Audi,diesel,Czech Republic,101.0,19057
1.3000000000000003,96.0,692,6.8,9,3,Toyota,diesel,France,101.0,7163
3.300000000000002,233.0,1678,10.9,7,3,Ford,diesel,Japan,101.0,20835
1.1,,560,6.5,1,5,Skoda,gasoline,France,101.0,9435
2.100000000000001,155.0,1071,8.6,14,5,Ford,diesel,Germany,101.0,8809
1.7000000000000006,115.0,833,7.6,15,5,Kia,hybrid,South Korea,101.0,6080
1.5000000000000004,115.0,750,7.4,3,5,Volvo,diesel,Czech Republic,101.0,11640
3.100000000000002,224.0,1512,10.6,0,5,Mercedes,hybrid,Sweden,101.0,23842
2.000000000000001,154.0,957,8.2,2,3,Mercedes,gasoline,South Korea,101.0,14788
2.6000000000000014,179.0,1268,9.3,4,3,Mercedes,diesel,South Korea,101.0,16957
1.8000000000000007,122.0,914,8.0,0,3,Ford,hybrid,Italy,101.0,14112
2.8000000000000016,190.0,1350,9.9,15,3,Skoda,diesel,Italy,101.0,13034
1.0,84.0,530,6.3,12,5,Kia,hybrid,Czech Republic,101.0,3624
3.400000000000002,227.0,1736,11.1,12,3,Seat,hybrid,Spain,101.0,18491
1.7000000000000006,104.0,849,7.4,4,5,Ford,diesel,Japan,101.0,10036
1.2000000000000002,96.0,631,6.8,6,3,Fiat,gasoline,Italy,101.0,7625
3.200000000000002,234.0,1595,10.9,12,5,Seat,gasoline,Sweden,101.0,17124
1.6000000000000005,125.0,834,7.6,4,5,BMW,gasoline,Italy,101.0,10979
1.9000000000000008,136.0,929,8.0,10,5,Kia,hybrid,France,101.0,9349
2.5000000000000013,162.0,1285,9.0,11,3,Ford,hybrid,Sweden,101.0,12955
2.9000000000000017,202.0,1434,,2,3,Seat,gasoline,Spain,101.0,19491
1.3000000000000003,78.0,636,7.0,7,3,Fiat,hybrid,Germany,101.0,5498
1.7000000000000006,125.0,887,7.7,10,5,BMW,gasoline,France,101.0,8310
2.200000000000001,154.0,1099,8.8,12,5,Volvo,hybrid,France,101.0,10920
1.7000000000000006,105.0,857,7.6,2,3,Peugeot,hybrid,Germany,101.0,11273
3.400000000000002,252.0,1743,,15,5,Audi,gasoline,Italy,101.0,17481
2.9000000000000017,191.0,1423,10.2,4,5,Audi,diesel,Spain,101.0,18027
1.2000000000000002,94.0,627,6.5,5,5,Opel,hybrid,Spain,101.0,7430
1.7000000000000006,109.0,831,7.6,11,5,Ford,gasoline,Italy,101.0,6667
2.300000000000001,163.0,1192,9.1,15,5,Volkswagen,diesel,France,101.0,10814
1.0,71.0,486,6.3,11,5,Mercedes,diesel,Italy,101.0,3147
1.4000000000000004,103.0,652,7.0,8,5,Renault,diesel,Spain,101.0,7453
2.4000000000000012,168.0,1219,8.9,15,3,Kia,diesel,South Korea,101.0,11165
1.2000000000000002,83.0,569,6.5,3,5,Volvo,diesel,Germany,101.0,8876
1.5000000000000004,107.0,744,7.4,1,3,Toyota,diesel,Germany,101.0,11181
2.6000000000000014,,1259,9.6,5,3,Hyundai,gasoline,France,101.0,16677
3.400000000000002,,1686,10.9,2,3,Audi,gasoline,Germany,101.0,23558
1.8000000000000007,135.0,885,7.7,14,5,Peugeot,hybrid,France,101.0,7672
3.100000000000002,212.0,1578,10.6,11,5,Fiat,hybrid,Spain,101.0,16165
3.0000000000000018,197.0,1505,10.2,6,5,Toyota,diesel,Italy,101.0,18502
3.0000000000000018,211.0,1522,10.4,12,3,Renault,diesel,Czech Republic,101.0,15243
2.200000000000001,168.0,1100,8.5,15,5,Mercedes,diesel,Sweden,101.0,10666
2.9000000000000017,201.0,1426,9.9,7,5,Audi,hybrid,South Korea,101.0,16661
2.000000000000001,149.0,1045,8.3,1,3,Ford,hybrid,Czech Republic,101.0,14673
1.3000000000000003,77.0,648,6.9,14,5,Skoda,hybrid,Japan,101.0,2489
1.3000000000000003,86.0,699,6.8,8,3,Hyundai,gasoline,Spain,101.0,6799
1.8000000000000007,126.0,913,7.9,5,3,Volvo,diesel,Czech Republic,101.0,12298
3.500000000000002,238.0,1733,11.5,7,5,Hyundai,gasoline,Japan,101.0,20417
2.000000000000001,149.0,1006,8.4,2,5,Peugeot,hybrid,Spain,101.0,14062
1.5000000000000004,105.0,785,7.4,10,3,Toyota,diesel,France,101.0,7430
3.500000000000002,253.0,1790,11.1,8,5,Opel,gasoline,Czech Republic,101.0,22697
2.7000000000000015,176.0,1322,9.4,9,5,Toyota,hybrid,Italy,101.0,15125
2.4000000000000012,178.0,1230,,1,3,Skoda,gasoline,Sweden,101.0,17355
2.300000000000001,175.0,1196,8.7,14,3,Ford,hybrid,South Korea,101.0,11197
1.5000000000000004,90.0,729,7.3,11,5,Seat,diesel,Spain,101.0,5572
3.400000000000002,241.0,1737,10.9,0,5,Volkswagen,hybrid,France,101.0,24847
3.300000000000002,222.0,1627,11.1,14,3,Hyundai,gasoline,Sweden,101.0,15995
1.0,69.0,507,6.4,15,5,Seat,gasoline,Spain,101.0,299
1.8000000000000007,128.0,899,8.0,11,3,Fiat,hybrid,South Korea,101.0,9503
3.100000000000002,212.0,1581,10.5,6,5,Seat,gasoline,Spain,101.0,18259
1.2000000000000002,78.0,592,6.8,1,5,Seat,hybrid,Japan,101.0,8552
1.5000000000000004,102.0,795,7.4,7,5,Hyundai,gasoline,Germany,101.0,7832
3.200000000000002,235.0,1622,10.6,1,5,Opel,gasoline,France,101.0,23498
1.6000000000000005,103.0,812,7.6,12,5,Ford,diesel,South Korea,101.0,6611
3.300000000000002,227.0,1667,10.9,6,5,Peugeot,hybrid,Japan,101.0,21278
2.7000000000000015,185.0,1316,9.6,15,5,Peugeot,gasoline,Sweden,101.0,12305
2.100000000000001,160.0,1040,8.7,9,3,Renault,hybrid,Germany,101.0,13295
3.500000000000002,240.0,1784,11.2,2,5,Seat,gasoline,Japan,101.0,22756
2.100000000000001,137.0,1016,8.3,1,5,Volkswagen,diesel,Sweden,101.0,14517
1.5000000000000004,97.0,738,7.4,9,3,Skoda,hybrid,Czech Republic,101.0,6936
2.9000000000000017,212.0,1490,10.3,10,5,BMW,gasoline,Czech Republic,101.0,17024
2.7000000000000015,202.0,1354,9.6,3,3,Toyota,diesel,South Korea,101.0,20013
1.0,71.0,451,6.3,14,3,Seat,gasoline,South Korea,101.0,1979
3.0000000000000018,195.0,1521,10.3,3,5,Kia,gasoline,Germany,101.0,19371
3.400000000000002,236.0,1662,10.8,1,3,Audi,hybrid,Sweden,101.0,23264
1.1,79.0,518,6.3,4,3,Ford,gasoline,Japan,101.0,7226
2.9000000000000017,217.0,1472,10.2,3,3,Mercedes,diesel,Japan,101.0,20729
3.300000000000002,223.0,1645,,8,5,Kia,gasoline,Italy,101.0,18320
1.8000000000000007,135.0,945,7.6,3,3,Seat,diesel,Spain,101.0,13532
1.6000000000000005,116.0,815,7.6,15,5,BMW,hybrid,Germany,101.0,5874
2.4000000000000012,181.0,1197,9.1,2,5,Ford,hybrid,Italy,101.0,18485
2.8000000000000016,181.0,1411,9.7,15,3,Volkswagen,diesel,Japan,101.0,12605
2.200000000000001,161.0,1081,8.7,5,5,Volvo,gasoline,South Korea,101.0,14368
1.3000000000000003,91.0,604,7.1,3,5,Opel,diesel,Germany,101.0,8608
1.8000000000000007,136.0,938,7.7,11,3,Kia,diesel,France,101.0,10029
1.5000000000000004,112.0,739,7.2,14,3,Kia,diesel,Italy,101.0,4969
2.5000000000000013,171.0,1258,9.5,13,3,Hyundai,diesel,Japan,101.0,11053
1.0,74.0,515,6.2,3,3,Seat,gasoline,Sweden,101.0,6524
1.0,83.0,500,6.3,7,3,Peugeot,hybrid,Sweden,101.0,5945
3.500000000000002,234.0,1711,11.1,15,3,Volvo,diesel,Sweden,101.0,16702
2.7000000000000015,183.0,1323,,15,3,Peugeot,diesel,Japan,101.0,12519
1.2000000000000002,71.0,640,6.8,4,5,Fiat,hybrid,Germany,101.0,6614
1.6000000000000005,97.0,812,7.6,14,3,Volkswagen,diesel,Sweden,101.0,4890
2.6000000000000014,177.0,1306,9.3,7,3,Hyundai,gasoline,South Korea,101.0,15495
2.200000000000001,164.0,1131,8.5,15,5,Ford,hybrid,South Korea,101.0,8988
3.400000000000002,247.0,1683,11.3,15,3,Fiat,diesel,France,101.0,18243
3.100000000000002,,1530,10.2,8,5,Opel,diesel,South Korea,101.0,17968
1.5000000000000004,114.0,798,7.3,9,5,Toyota,diesel,Germany,101.0,8412
1.0,74.0,524,6.3,10,3,BMW,gasoline,South Korea,101.0,4495
2.000000000000001,138.0,1011,8.1,12,3,Kia,diesel,Czech Republic,101.0,9479
2.7000000000000015,180.0,1339,9.9,11,3,Seat,diesel,Japan,101.0,14081
3.500000000000002,247.0,1711,11.3,10,3,Fiat,diesel,Czech Republic,101.0,20355
1.8000000000000007,138.0,869,8.0,13,3,Peugeot,hybrid,France,101.0,7686
3.100000000000002,218.0,1521,10.4,9,5,Opel,hybrid,Spain,101.0,17825
1.4000000000000004,87.0,680,,15,3,Skoda,diesel,Spain,101.0,3602
3.300000000000002,231.0,1631,11.0,13,3,Peugeot,diesel,Sweden,101.0,17168
2.300000000000001,150.0,1175,8.6,13,5,Toyota,gasoline,France,101.0,9323
3.400000000000002,,1671,11.0,0,3,Peugeot,diesel,Czech Republic,101.0,24516
2.100000000000001,139.0,1010,8.2,0,5,Seat,gasoline,Germany,101.0,14770
1.0,58.0,475,,15,5,BMW,hybrid,South Korea,101.0,518
1.8000000000000007,124.0,931,7.9,1,3,Toyota,gasoline,Czech Republic,101.0,12783
1.6000000000000005,,843,7.7,3,3,Peugeot,hybrid,Italy,101.0,10501
2.6000000000000014,169.0,1271,9.6,3,5,BMW,gasoline,France,101.0,16260
2.300000000000001,161.0,1178,8.9,15,3,Mercedes,gasoline,Spain,101.0,8791
2.6000000000000014,179.0,1265,9.2,8,5,Peugeot,hybrid,Spain,101.0,15012
3.400000000000002,238.0,1710,10.9,8,5,Volkswagen,hybrid,Japan,101.0,20748
3.300000000000002,240.0,1636,11.0,0,5,Kia,hybrid,France,101.0,24991
2.200000000000001,140.0,1105,8.5,11,5,Seat,gasoline,Czech Republic,101.0,9292
2.6000000000000014,,1255,9.5,2,5,Opel,hybrid,Spain,101.0,17103
1.9000000000000008,,939,8.3,6,5,Skoda,diesel,Czech Republic,101.0,9937
2.300000000000001,172.0,1115,8.6,8,3,Fiat,diesel,Italy,101.0,14669
3.100000000000002,229.0,1521,10.4,4,5,Fiat,gasoline,Spain,101.0,20659
2.9000000000000017,190.0,1495,9.9,0,5,Skoda,gasoline,Czech Republic,101.0,20397
3.400000000000002,242.0,1747,11.1,5,3,Renault,hybrid,Italy,101.0,21346
1.1,86.0,526,6.2,1,5,Fiat,hybrid,Sweden,101.0,9485
2.200000000000001,140.0,1101,8.6,3,5,Ford,hybrid,France,101.0,13826
3.0000000000000018,200.0,1515,,3,5,Mercedes,diesel,France,101.0,18593
1.5000000000000004,102.0,733,7.5,1,3,Renault,diesel,France,101.0,11718
2.5000000000000013,168.0,1276,9.0,0,3,Volvo,gasoline,Japan,101.0,18768
3.400000000000002,238.0,1737,11.1,3,3,Fiat,gasoline,Italy,101.0,23521
1.2000000000000002,93.0,562,6.8,0,5,Volvo,hybrid,Italy,101.0,10208
1.6000000000000005,114.0,777,7.3,8,5,Volkswagen,hybrid,South Korea,101.0,8915
3.400000000000002,235.0,1727,11.1,2,5,Volkswagen,diesel,Czech Republic,101.0,23011
3.300000000000002,228.0,1652,11.0,8,3,Toyota,gasoline,Japan,101.0,19214
2.8000000000000016,199.0,1431,10.1,11,3,Ford,hybrid,Sweden,101.0,15966
1.8000000000000007,129.0,872,7.6,4,3,Mercedes,diesel,Czech Republic,101.0,11707
2.200000000000001,159.0,1074,8.5,0,5,Peugeot,gasoline,Italy,101.0,17235
2.4000000000000012,176.0,1224,9.1,5,5,Opel,gasoline,South Korea,101.0,16367
1.9000000000000008,136.0,918,,0,3,Toyota,hybrid,France,101.0,14677
3.500000000000002,236.0,1716,11.4,14,5,Audi,diesel,Japan,101.0,17349
2.6000000000000014,173.0,1316,9.6,1,5,Renault,hybrid,South Korea,101.0,17158
1.6000000000000005,,806,7.5,7,5,Peugeot,diesel,Czech Republic,101.0,8954
1.7000000000000006,106.0,817,7.7,4,5,Toyota,hybrid,Czech Republic,101.0,10422
1.6000000000000005,125.0,820,7.7,15,5,Audi,hybrid,Italy,101.0,6508
2.4000000000000012,,1214,9.0,0,3,Opel,gasoline,Germany,101.0,18660
2.6000000000000014,,1251,9.2,11,3,Kia,gasoline,Sweden,101.0,13590
2.6000000000000014,169.0,1332,9.6,11,3,Volvo,gasoline,Czech Republic,101.0,12344
1.8000000000000007,114.0,886,7.8,0,3,Mercedes,gasoline,Italy,101.0,13413
1.9000000000000008,139.0,918,8.0,2,3,Mercedes,diesel,France,101.0,13194
1.6000000000000005,102.0,794,7.4,0,3,Volvo,gasoline,Sweden,101.0,11612
1.5000000000000004,99.0,781,7.1,5,5,Skoda,hybrid,Japan,101.0,9519
1.6000000000000005,,796,7.7,5,3,Volkswagen,diesel,Spain,101.0,10997
1.2000000000000002,98.0,552,6.8,2,3,Volkswagen,gasoline,Italy,101.0,10445
2.000000000000001,134.0,954,8.4,11,3,Fiat,gasoline,Sweden,101.0,8535
2.200000000000001,164.0,1130,8.5,7,3,Audi,diesel,Sweden,101.0,13109
2.5000000000000013,173.0,1256,9.2,2,5,Renault,diesel,Czech Republic,101.0,17033
2.000000000000001,137.0,970,8.3,3,5,Peugeot,gasoline,Germany,101.0,14239
1.3000000000000003,87.0,611,7.0,8,3,Renault,hybrid,South Korea,101.0,6345
3.500000000000002,245.0,1797,11.4,5,5,Opel,gasoline,Sweden,101.0,22750
2.9000000000000017,196.0,1486,9.9,11,3,Toyota,hybrid,South Korea,101.0,14835
2.100000000000001,135.0,1042,,14,3,Volkswagen,hybrid,Sweden,101.0,7139
1.8000000000000007,111.0,896,8.0,7,3,Volkswagen,gasoline,Germany,101.0,10160
1.7000000000000006,105.0,810,7.4,12,3,BMW,gasoline,France,101.0,6079
2.300000000000001,160.0,1142,8.7,14,3,Opel,hybrid,France,101.0,10498
1.4000000000000004,97.0,718,7.1,11,3,Volvo,diesel,France,101.0,6365
2.4000000000000012,160.0,1227,9.2,5,3,Hyundai,hybrid,Italy,101.0,15184
3.300000000000002,242.0,1690,11.0,8,5,Skoda,hybrid,South Korea,101.0,21525
3.400000000000002,243.0,1749,10.9,7,5,Kia,gasoline,Japan,101.0,21957
1.9000000000000008,132.0,928,8.0,12,5,Fiat,hybrid,France,101.0,8804
1.0,58.0,529,6.4,12,5,Fiat,diesel,Italy,101.0,701
3.0000000000000018,,1515,10.3,10,3,Skoda,gasoline,South Korea,101.0,16598
3.500000000000002,242.0,1760,11.5,3,3,Fiat,hybrid,Germany,101.0,22978
2.000000000000001,137.0,1004,8.1,4,5,Peugeot,hybrid,Sweden,101.0,13240
2.7000000000000015,200.0,1364,9.5,6,3,Skoda,gasoline,Czech Republic,101.0,18492
2.100000000000001,148.0,1062,8.6,12,3,Fiat,gasoline,Spain,101.0,10908
3.300000000000002,229.0,1636,10.8,0,3,Ford,hybrid,Spain,101.0,22750
2.200000000000001,160.0,1062,8.4,13,3,BMW,gasoline,Czech Republic,101.0,11148
1.4000000000000004,93.0,665,7.2,7,5,Hyundai,diesel,South Korea,101.0,7706
2.100000000000001,137.0,1018,8.6,8,5,Audi,gasoline,Czech Republic,101.0,10725
1.7000000000000006,132.0,821,7.8,7,5,Skoda,hybrid,Italy,101.0,10531
3.200000000000002,211.0,1566,10.7,7,3,Volkswagen,diesel,Spain,101.0,18869
2.000000000000001,126.0,1016,8.3,5,3,BMW,hybrid,Sweden,101.0,11743
1.0,74.0,463,6.0,9,5,Renault,diesel,Germany,101.0,3915
1.4000000000000004,,734,6.9,6,5,Ford,hybrid,Germany,101.0,8153
1.8000000000000007,137.0,910,7.9,13,3,Fiat,hybrid,France,101.0,8016
1.1,73.0,542,6.6,15,5,Audi,hybrid,Italy,101.0,1142
3.500000000000002,248.0,1791,11.4,8,3,Toyota,gasoline,Italy,101.0,21826
2.200000000000001,142.0,1116,8.5,12,3,Fiat,hybrid,South Korea,101.0,9087
1.7000000000000006,132.0,835,7.7,5,5,Mercedes,diesel,Czech Republic,101.0,11705
3.200000000000002,220.0,1551,10.8,10,3,Kia,hybrid,Germany,101.0,17112
2.300000000000001,151.0,1181,8.7,10,5,Volvo,diesel,Japan,101.0,11332
3.0000000000000018,216.0,1525,10.1,13,5,Audi,gasoline,Italy,101.0,16345
1.5000000000000004,102.0,710,7.4,5,3,Mercedes,diesel,Germany,101.0,10048
1.1,62.0,553,6.3,0,5,Mercedes,hybrid,Czech Republic,101.0,7188
1.1,87.0,523,6.4,7,5,Opel,hybrid,France,101.0,6769
1.8000000000000007,114.0,917,7.8,12,3,Toyota,hybrid,Spain,101.0,7702
2.8000000000000016,205.0,1370,10.1,7,5,Toyota,hybrid,France,101.0,17055
2.5000000000000013,171.0,1258,9.3,3,5,Hyundai,hybrid,France,101.0,16285
2.8000000000000016,193.0,1354,9.7,5,3,Hyundai,diesel,Czech Republic,101.0,18535
1.7000000000000006,132.0,871,7.9,11,5,Renault,gasoline,Japan,101.0,8945
3.300000000000002,236.0,1623,10.9,9,3,Peugeot,gasoline,Czech Republic,101.0,20008
1.5000000000000004,95.0,720,7.3,3,5,Mercedes,diesel,Sweden,101.0,10245
3.500000000000002,231.0,1789,11.4,1,5,BMW,hybrid,Spain,101.0,24171
3.100000000000002,218.0,1500,10.2,4,3,Audi,diesel,Italy,101.0,20696
3.100000000000002,220.0,1513,10.5,2,3,Kia,hybrid,Germany,101.0,22195
1.6000000000000005,110.0,779,7.5,12,3,Mercedes,hybrid,Germany,101.0,5703
3.400000000000002,226.0,1709,11.0,7,5,Skoda,hybrid,Czech Republic,101.0,19418
